0.522215,0.246974,0.196178,0.522215,0.522215,0.522215,0.522215,0.115607,0.522215,0.454547,0.0322694,0.522215,0.522215,0.0599598,0.279493,0.17642,0.522215,0.522215,0.522215,0.522215,0.434503,0.203158,0.272443,0.2443,0.476952,0.522215,0.21741,0.522215,0.522215,0.522215,0.129043,0.501854,0.505059,0.118397,0.522215,0.386707,0.522215,0.123444,0.522215,0.522215,0.105562,0.360967,0.522215,0.522215,0.157154,0.16911,0.522215,0.522215,0.341848,0.522215,0.522215,0.28222,0.169961,0.0731837,0.522215,0.1646,0.522215,0.433928,0.522215,0.266287,0.522215,0.213916,0.380628,0.522215,0.522215,0.356334,0.197901,0.522215,0.0182512,0.114529,0.522215,0.382413,0.331292,0.522215,0.393451,0.522215,0.129609,0.522215,0.35206,0.522215,0.522215,0.522215,0.435375,0.349157,0.522215,0.522215,0.522215,0.522215,0.314608,0.125922,0.133293,0.126031,0.522215,0.458914,0.234676,0.522215,0.522215,0.120177,0.522215,0.0602624,
0.277198,0.246974,0.196178,0.277198,0.277198,0.277198,0.277198,0.115607,0.277198,0.277198,0.0322694,0.277198,0.277198,0.0599598,0.277198,0.17642,0.277198,0.277198,0.277198,0.277198,0.277198,0.203158,0.272443,0.2443,0.277198,0.277198,0.21741,0.277198,0.277198,0.277198,0.129043,0.277198,0.277198,0.118397,0.277198,0.277198,0.277198,0.123444,0.277198,0.277198,0.105562,0.277198,0.277198,0.277198,0.157154,0.16911,0.277198,0.277198,0.277198,0.277198,0.277198,0.277198,0.169961,0.0731837,0.277198,0.1646,0.277198,0.277198,0.277198,0.266287,0.277198,0.213916,0.277198,0.277198,0.277198,0.277198,0.197901,0.277198,0.0182512,0.114529,0.277198,0.277198,0.277198,0.277198,0.277198,0.277198,0.129609,0.277198,0.277198,0.277198,0.277198,0.277198,0.277198,0.277198,0.277198,0.277198,0.277198,0.277198,0.277198,0.125922,0.133293,0.126031,0.277198,0.277198,0.234676,0.277198,0.277198,0.120177,0.277198,0.0602624,
0.586862,0.246974,0.196178,0.586862,0.586862,0.586862,0.586862,0.115607,0.586862,0.454547,0.0322694,0.586862,0.586862,0.0599598,0.279493,0.17642,0.586862,0.586862,0.586862,0.56934,0.434503,0.203158,0.272443,0.2443,0.476952,0.586862,0.21741,0.586862,0.586862,0.5734,0.129043,0.501854,0.505059,0.118397,0.586862,0.386707,0.586862,0.123444,0.586862,0.586862,0.105562,0.360967,0.586862,0.580969,0.157154,0.16911,0.586862,0.586862,0.341848,0.586862,0.586862,0.28222,0.169961,0.0731837,0.586862,0.1646,0.586862,0.433928,0.586862,0.266287,0.586862,0.213916,0.380628,0.586862,0.586862,0.356334,0.197901,0.586862,0.0182512,0.114529,0.586862,0.382413,0.331292,0.586862,0.393451,0.586862,0.129609,0.586862,0.35206,0.571891,0.586862,0.586862,0.435375,0.349157,0.586862,0.586862,0.586862,0.586862,0.314608,0.125922,0.133293,0.126031,0.586862,0.458914,0.234676,0.586862,0.586862,0.120177,0.586862,0.0602624,
0.596723,0.246974,0.196178,0.811895,0.623243,0.671648,0.811895,0.115607,0.676065,0.454547,0.0322694,0.811895,0.661425,0.0599598,0.279493,0.17642,0.811895,0.594159,0.690932,0.56934,0.434503,0.203158,0.272443,0.2443,0.476952,0.811895,0.21741,0.782475,0.811895,0.5734,0.129043,0.501854,0.505059,0.118397,0.668904,0.386707,0.811895,0.123444,0.648075,0.811895,0.105562,0.360967,0.719204,0.580969,0.157154,0.16911,0.671352,0.811895,0.341848,0.699639,0.791982,0.28222,0.169961,0.0731837,0.750171,0.1646,0.773202,0.433928,0.811895,0.266287,0.79278,0.213916,0.380628,0.811895,0.616563,0.356334,0.197901,0.79114,0.0182512,0.114529,0.654629,0.382413,0.331292,0.811895,0.393451,0.811895,0.129609,0.811895,0.35206,0.571891,0.811895,0.811895,0.435375,0.349157,0.811895,0.74458,0.776418,0.612058,0.314608,0.125922,0.133293,0.126031,0.750525,0.458914,0.234676,0.683946,0.811895,0.120177,0.811895,0.0602624,
0.596723,0.246974,0.196178,0.835997,0.623243,0.671648,0.871284,0.115607,0.676065,0.454547,0.0322694,0.855082,0.661425,0.0599598,0.279493,0.17642,0.897245,0.594159,0.690932,0.56934,0.434503,0.203158,0.272443,0.2443,0.476952,0.939871,0.21741,0.782475,0.939871,0.5734,0.129043,0.501854,0.505059,0.118397,0.668904,0.386707,0.831097,0.123444,0.648075,0.848695,0.105562,0.360967,0.719204,0.580969,0.157154,0.16911,0.671352,0.88651,0.341848,0.699639,0.791982,0.28222,0.169961,0.0731837,0.750171,0.1646,0.773202,0.433928,0.929321,0.266287,0.79278,0.213916,0.380628,0.928528,0.616563,0.356334,0.197901,0.79114,0.0182512,0.114529,0.654629,0.382413,0.331292,0.914368,0.393451,0.831551,0.129609,0.939871,0.35206,0.571891,0.844201,0.817317,0.435375,0.349157,0.919119,0.74458,0.776418,0.612058,0.314608,0.125922,0.133293,0.126031,0.750525,0.458914,0.234676,0.683946,0.854236,0.120177,0.939871,0.0602624,
0.579863,0.246974,0.196178,0.579863,0.579863,0.579863,0.579863,0.115607,0.579863,0.454547,0.0322694,0.579863,0.579863,0.0599598,0.279493,0.17642,0.579863,0.579863,0.579863,0.56934,0.434503,0.203158,0.272443,0.2443,0.476952,0.579863,0.21741,0.579863,0.579863,0.5734,0.129043,0.501854,0.505059,0.118397,0.579863,0.386707,0.579863,0.123444,0.579863,0.579863,0.105562,0.360967,0.579863,0.579863,0.157154,0.16911,0.579863,0.579863,0.341848,0.579863,0.579863,0.28222,0.169961,0.0731837,0.579863,0.1646,0.579863,0.433928,0.579863,0.266287,0.579863,0.213916,0.380628,0.579863,0.579863,0.356334,0.197901,0.579863,0.0182512,0.114529,0.579863,0.382413,0.331292,0.579863,0.393451,0.579863,0.129609,0.579863,0.35206,0.571891,0.579863,0.579863,0.435375,0.349157,0.579863,0.579863,0.579863,0.579863,0.314608,0.125922,0.133293,0.126031,0.579863,0.458914,0.234676,0.579863,0.579863,0.120177,0.579863,0.0602624,
0.596723,0.246974,0.196178,0.835997,0.623243,0.671648,0.871284,0.115607,0.676065,0.454547,0.0322694,0.855082,0.661425,0.0599598,0.279493,0.17642,0.880784,0.594159,0.690932,0.56934,0.434503,0.203158,0.272443,0.2443,0.476952,0.880784,0.21741,0.782475,0.880784,0.5734,0.129043,0.501854,0.505059,0.118397,0.668904,0.386707,0.831097,0.123444,0.648075,0.848695,0.105562,0.360967,0.719204,0.580969,0.157154,0.16911,0.671352,0.880784,0.341848,0.699639,0.791982,0.28222,0.169961,0.0731837,0.750171,0.1646,0.773202,0.433928,0.880784,0.266287,0.79278,0.213916,0.380628,0.880784,0.616563,0.356334,0.197901,0.79114,0.0182512,0.114529,0.654629,0.382413,0.331292,0.880784,0.393451,0.831551,0.129609,0.880784,0.35206,0.571891,0.844201,0.817317,0.435375,0.349157,0.880784,0.74458,0.776418,0.612058,0.314608,0.125922,0.133293,0.126031,0.750525,0.458914,0.234676,0.683946,0.854236,0.120177,0.880784,0.0602624,
0.189549,0.189549,0.189549,0.189549,0.189549,0.189549,0.189549,0.115607,0.189549,0.189549,0.0322694,0.189549,0.189549,0.0599598,0.189549,0.17642,0.189549,0.189549,0.189549,0.189549,0.189549,0.189549,0.189549,0.189549,0.189549,0.189549,0.189549,0.189549,0.189549,0.189549,0.129043,0.189549,0.189549,0.118397,0.189549,0.189549,0.189549,0.123444,0.189549,0.189549,0.105562,0.189549,0.189549,0.189549,0.157154,0.16911,0.189549,0.189549,0.189549,0.189549,0.189549,0.189549,0.169961,0.0731837,0.189549,0.1646,0.189549,0.189549,0.189549,0.189549,0.189549,0.189549,0.189549,0.189549,0.189549,0.189549,0.189549,0.189549,0.0182512,0.114529,0.189549,0.189549,0.189549,0.189549,0.189549,0.189549,0.129609,0.189549,0.189549,0.189549,0.189549,0.189549,0.189549,0.189549,0.189549,0.189549,0.189549,0.189549,0.189549,0.125922,0.133293,0.126031,0.189549,0.189549,0.189549,0.189549,0.189549,0.120177,0.189549,0.0602624,
0.596723,0.246974,0.196178,0.718919,0.623243,0.671648,0.718919,0.115607,0.676065,0.454547,0.0322694,0.718919,0.661425,0.0599598,0.279493,0.17642,0.718919,0.594159,0.690932,0.56934,0.434503,0.203158,0.272443,0.2443,0.476952,0.718919,0.21741,0.718919,0.718919,0.5734,0.129043,0.501854,0.505059,0.118397,0.668904,0.386707,0.718919,0.123444,0.648075,0.718919,0.105562,0.360967,0.718919,0.580969,0.157154,0.16911,0.671352,0.718919,0.341848,0.699639,0.718919,0.28222,0.169961,0.0731837,0.718919,0.1646,0.718919,0.433928,0.718919,0.266287,0.718919,0.213916,0.380628,0.718919,0.616563,0.356334,0.197901,0.718919,0.0182512,0.114529,0.654629,0.382413,0.331292,0.718919,0.393451,0.718919,0.129609,0.718919,0.35206,0.571891,0.718919,0.718919,0.435375,0.349157,0.718919,0.718919,0.718919,0.612058,0.314608,0.125922,0.133293,0.126031,0.718919,0.458914,0.234676,0.683946,0.718919,0.120177,0.718919,0.0602624,
0.072869,0.072869,0.072869,0.072869,0.072869,0.072869,0.072869,0.072869,0.072869,0.072869,0.0322694,0.072869,0.072869,0.0599598,0.072869,0.072869,0.072869,0.072869,0.072869,0.072869,0.072869,0.072869,0.072869,0.072869,0.072869,0.072869,0.072869,0.072869,0.072869,0.072869,0.072869,0.072869,0.072869,0.072869,0.072869,0.072869,0.072869,0.072869,0.072869,0.072869,0.072869,0.072869,0.072869,0.072869,0.072869,0.072869,0.072869,0.072869,0.072869,0.072869,0.072869,0.072869,0.072869,0.072869,0.072869,0.072869,0.072869,0.072869,0.072869,0.072869,0.072869,0.072869,0.072869,0.072869,0.072869,0.072869,0.072869,0.072869,0.0182512,0.072869,0.072869,0.072869,0.072869,0.072869,0.072869,0.072869,0.072869,0.072869,0.072869,0.072869,0.072869,0.072869,0.072869,0.072869,0.072869,0.072869,0.072869,0.072869,0.072869,0.072869,0.072869,0.072869,0.072869,0.072869,0.072869,0.072869,0.072869,0.072869,0.072869,0.0602624,
0.596723,0.246974,0.196178,0.835997,0.623243,0.671648,0.871284,0.115607,0.676065,0.454547,0.0322694,0.855082,0.661425,0.0599598,0.279493,0.17642,0.87906,0.594159,0.690932,0.56934,0.434503,0.203158,0.272443,0.2443,0.476952,0.87906,0.21741,0.782475,0.87906,0.5734,0.129043,0.501854,0.505059,0.118397,0.668904,0.386707,0.831097,0.123444,0.648075,0.848695,0.105562,0.360967,0.719204,0.580969,0.157154,0.16911,0.671352,0.87906,0.341848,0.699639,0.791982,0.28222,0.169961,0.0731837,0.750171,0.1646,0.773202,0.433928,0.87906,0.266287,0.79278,0.213916,0.380628,0.87906,0.616563,0.356334,0.197901,0.79114,0.0182512,0.114529,0.654629,0.382413,0.331292,0.87906,0.393451,0.831551,0.129609,0.87906,0.35206,0.571891,0.844201,0.817317,0.435375,0.349157,0.87906,0.74458,0.776418,0.612058,0.314608,0.125922,0.133293,0.126031,0.750525,0.458914,0.234676,0.683946,0.854236,0.120177,0.87906,0.0602624,
0.0898531,0.0898531,0.0898531,0.0898531,0.0898531,0.0898531,0.0898531,0.0898531,0.0898531,0.0898531,0.0322694,0.0898531,0.0898531,0.0599598,0.0898531,0.0898531,0.0898531,0.0898531,0.0898531,0.0898531,0.0898531,0.0898531,0.0898531,0.0898531,0.0898531,0.0898531,0.0898531,0.0898531,0.0898531,0.0898531,0.0898531,0.0898531,0.0898531,0.0898531,0.0898531,0.0898531,0.0898531,0.0898531,0.0898531,0.0898531,0.0898531,0.0898531,0.0898531,0.0898531,0.0898531,0.0898531,0.0898531,0.0898531,0.0898531,0.0898531,0.0898531,0.0898531,0.0898531,0.0731837,0.0898531,0.0898531,0.0898531,0.0898531,0.0898531,0.0898531,0.0898531,0.0898531,0.0898531,0.0898531,0.0898531,0.0898531,0.0898531,0.0898531,0.0182512,0.0898531,0.0898531,0.0898531,0.0898531,0.0898531,0.0898531,0.0898531,0.0898531,0.0898531,0.0898531,0.0898531,0.0898531,0.0898531,0.0898531,0.0898531,0.0898531,0.0898531,0.0898531,0.0898531,0.0898531,0.0898531,0.0898531,0.0898531,0.0898531,0.0898531,0.0898531,0.0898531,0.0898531,0.0898531,0.0898531,0.0602624,
0.416796,0.246974,0.196178,0.416796,0.416796,0.416796,0.416796,0.115607,0.416796,0.416796,0.0322694,0.416796,0.416796,0.0599598,0.279493,0.17642,0.416796,0.416796,0.416796,0.416796,0.416796,0.203158,0.272443,0.2443,0.416796,0.416796,0.21741,0.416796,0.416796,0.416796,0.129043,0.416796,0.416796,0.118397,0.416796,0.386707,0.416796,0.123444,0.416796,0.416796,0.105562,0.360967,0.416796,0.416796,0.157154,0.16911,0.416796,0.416796,0.341848,0.416796,0.416796,0.28222,0.169961,0.0731837,0.416796,0.1646,0.416796,0.416796,0.416796,0.266287,0.416796,0.213916,0.380628,0.416796,0.416796,0.356334,0.197901,0.416796,0.0182512,0.114529,0.416796,0.382413,0.331292,0.416796,0.393451,0.416796,0.129609,0.416796,0.35206,0.416796,0.416796,0.416796,0.416796,0.349157,0.416796,0.416796,0.416796,0.416796,0.314608,0.125922,0.133293,0.126031,0.416796,0.416796,0.234676,0.416796,0.416796,0.120177,0.416796,0.0602624,
0.596723,0.246974,0.196178,0.674693,0.623243,0.671648,0.674693,0.115607,0.674693,0.454547,0.0322694,0.674693,0.661425,0.0599598,0.279493,0.17642,0.674693,0.594159,0.674693,0.56934,0.434503,0.203158,0.272443,0.2443,0.476952,0.674693,0.21741,0.674693,0.674693,0.5734,0.129043,0.501854,0.505059,0.118397,0.668904,0.386707,0.674693,0.123444,0.648075,0.674693,0.105562,0.360967,0.674693,0.580969,0.157154,0.16911,0.671352,0.674693,0.341848,0.674693,0.674693,0.28222,0.169961,0.0731837,0.674693,0.1646,0.674693,0.433928,0.674693,0.266287,0.674693,0.213916,0.380628,0.674693,0.616563,0.356334,0.197901,0.674693,0.0182512,0.114529,0.654629,0.382413,0.331292,0.674693,0.393451,0.674693,0.129609,0.674693,0.35206,0.571891,0.674693,0.674693,0.435375,0.349157,0.674693,0.674693,0.674693,0.612058,0.314608,0.125922,0.133293,0.126031,0.674693,0.458914,0.234676,0.674693,0.674693,0.120177,0.674693,0.0602624,
0.596723,0.246974,0.196178,0.813047,0.623243,0.671648,0.813047,0.115607,0.676065,0.454547,0.0322694,0.813047,0.661425,0.0599598,0.279493,0.17642,0.813047,0.594159,0.690932,0.56934,0.434503,0.203158,0.272443,0.2443,0.476952,0.813047,0.21741,0.782475,0.813047,0.5734,0.129043,0.501854,0.505059,0.118397,0.668904,0.386707,0.813047,0.123444,0.648075,0.813047,0.105562,0.360967,0.719204,0.580969,0.157154,0.16911,0.671352,0.813047,0.341848,0.699639,0.791982,0.28222,0.169961,0.0731837,0.750171,0.1646,0.773202,0.433928,0.813047,0.266287,0.79278,0.213916,0.380628,0.813047,0.616563,0.356334,0.197901,0.79114,0.0182512,0.114529,0.654629,0.382413,0.331292,0.813047,0.393451,0.813047,0.129609,0.813047,0.35206,0.571891,0.813047,0.813047,0.435375,0.349157,0.813047,0.74458,0.776418,0.612058,0.314608,0.125922,0.133293,0.126031,0.750525,0.458914,0.234676,0.683946,0.813047,0.120177,0.813047,0.0602624,
0.596723,0.246974,0.196178,0.76936,0.623243,0.671648,0.76936,0.115607,0.676065,0.454547,0.0322694,0.76936,0.661425,0.0599598,0.279493,0.17642,0.76936,0.594159,0.690932,0.56934,0.434503,0.203158,0.272443,0.2443,0.476952,0.76936,0.21741,0.76936,0.76936,0.5734,0.129043,0.501854,0.505059,0.118397,0.668904,0.386707,0.76936,0.123444,0.648075,0.76936,0.105562,0.360967,0.719204,0.580969,0.157154,0.16911,0.671352,0.76936,0.341848,0.699639,0.76936,0.28222,0.169961,0.0731837,0.750171,0.1646,0.76936,0.433928,0.76936,0.266287,0.76936,0.213916,0.380628,0.76936,0.616563,0.356334,0.197901,0.76936,0.0182512,0.114529,0.654629,0.382413,0.331292,0.76936,0.393451,0.76936,0.129609,0.76936,0.35206,0.571891,0.76936,0.76936,0.435375,0.349157,0.76936,0.74458,0.76936,0.612058,0.314608,0.125922,0.133293,0.126031,0.750525,0.458914,0.234676,0.683946,0.76936,0.120177,0.76936,0.0602624,
0.596723,0.246974,0.196178,0.835997,0.623243,0.671648,0.871284,0.115607,0.676065,0.454547,0.0322694,0.855082,0.661425,0.0599598,0.279493,0.17642,0.896524,0.594159,0.690932,0.56934,0.434503,0.203158,0.272443,0.2443,0.476952,0.896524,0.21741,0.782475,0.896524,0.5734,0.129043,0.501854,0.505059,0.118397,0.668904,0.386707,0.831097,0.123444,0.648075,0.848695,0.105562,0.360967,0.719204,0.580969,0.157154,0.16911,0.671352,0.88651,0.341848,0.699639,0.791982,0.28222,0.169961,0.0731837,0.750171,0.1646,0.773202,0.433928,0.896524,0.266287,0.79278,0.213916,0.380628,0.896524,0.616563,0.356334,0.197901,0.79114,0.0182512,0.114529,0.654629,0.382413,0.331292,0.896524,0.393451,0.831551,0.129609,0.896524,0.35206,0.571891,0.844201,0.817317,0.435375,0.349157,0.896524,0.74458,0.776418,0.612058,0.314608,0.125922,0.133293,0.126031,0.750525,0.458914,0.234676,0.683946,0.854236,0.120177,0.896524,0.0602624,
0.486471,0.246974,0.196178,0.486471,0.486471,0.486471,0.486471,0.115607,0.486471,0.454547,0.0322694,0.486471,0.486471,0.0599598,0.279493,0.17642,0.486471,0.486471,0.486471,0.486471,0.434503,0.203158,0.272443,0.2443,0.476952,0.486471,0.21741,0.486471,0.486471,0.486471,0.129043,0.486471,0.486471,0.118397,0.486471,0.386707,0.486471,0.123444,0.486471,0.486471,0.105562,0.360967,0.486471,0.486471,0.157154,0.16911,0.486471,0.486471,0.341848,0.486471,0.486471,0.28222,0.169961,0.0731837,0.486471,0.1646,0.486471,0.433928,0.486471,0.266287,0.486471,0.213916,0.380628,0.486471,0.486471,0.356334,0.197901,0.486471,0.0182512,0.114529,0.486471,0.382413,0.331292,0.486471,0.393451,0.486471,0.129609,0.486471,0.35206,0.486471,0.486471,0.486471,0.435375,0.349157,0.486471,0.486471,0.486471,0.486471,0.314608,0.125922,0.133293,0.126031,0.486471,0.458914,0.234676,0.486471,0.486471,0.120177,0.486471,0.0602624,
0.377485,0.246974,0.196178,0.377485,0.377485,0.377485,0.377485,0.115607,0.377485,0.377485,0.0322694,0.377485,0.377485,0.0599598,0.279493,0.17642,0.377485,0.377485,0.377485,0.377485,0.377485,0.203158,0.272443,0.2443,0.377485,0.377485,0.21741,0.377485,0.377485,0.377485,0.129043,0.377485,0.377485,0.118397,0.377485,0.377485,0.377485,0.123444,0.377485,0.377485,0.105562,0.360967,0.377485,0.377485,0.157154,0.16911,0.377485,0.377485,0.341848,0.377485,0.377485,0.28222,0.169961,0.0731837,0.377485,0.1646,0.377485,0.377485,0.377485,0.266287,0.377485,0.213916,0.377485,0.377485,0.377485,0.356334,0.197901,0.377485,0.0182512,0.114529,0.377485,0.377485,0.331292,0.377485,0.377485,0.377485,0.129609,0.377485,0.35206,0.377485,0.377485,0.377485,0.377485,0.349157,0.377485,0.377485,0.377485,0.377485,0.314608,0.125922,0.133293,0.126031,0.377485,0.377485,0.234676,0.377485,0.377485,0.120177,0.377485,0.0602624,
0.596723,0.246974,0.196178,0.687578,0.623243,0.671648,0.687578,0.115607,0.676065,0.454547,0.0322694,0.687578,0.661425,0.0599598,0.279493,0.17642,0.687578,0.594159,0.687578,0.56934,0.434503,0.203158,0.272443,0.2443,0.476952,0.687578,0.21741,0.687578,0.687578,0.5734,0.129043,0.501854,0.505059,0.118397,0.668904,0.386707,0.687578,0.123444,0.648075,0.687578,0.105562,0.360967,0.687578,0.580969,0.157154,0.16911,0.671352,0.687578,0.341848,0.687578,0.687578,0.28222,0.169961,0.0731837,0.687578,0.1646,0.687578,0.433928,0.687578,0.266287,0.687578,0.213916,0.380628,0.687578,0.616563,0.356334,0.197901,0.687578,0.0182512,0.114529,0.654629,0.382413,0.331292,0.687578,0.393451,0.687578,0.129609,0.687578,0.35206,0.571891,0.687578,0.687578,0.435375,0.349157,0.687578,0.687578,0.687578,0.612058,0.314608,0.125922,0.133293,0.126031,0.687578,0.458914,0.234676,0.683946,0.687578,0.120177,0.687578,0.0602624,
0.0768218,0.0768218,0.0768218,0.0768218,0.0768218,0.0768218,0.0768218,0.0768218,0.0768218,0.0768218,0.0322694,0.0768218,0.0768218,0.0599598,0.0768218,0.0768218,0.0768218,0.0768218,0.0768218,0.0768218,0.0768218,0.0768218,0.0768218,0.0768218,0.0768218,0.0768218,0.0768218,0.0768218,0.0768218,0.0768218,0.0768218,0.0768218,0.0768218,0.0768218,0.0768218,0.0768218,0.0768218,0.0768218,0.0768218,0.0768218,0.0768218,0.0768218,0.0768218,0.0768218,0.0768218,0.0768218,0.0768218,0.0768218,0.0768218,0.0768218,0.0768218,0.0768218,0.0768218,0.0731837,0.0768218,0.0768218,0.0768218,0.0768218,0.0768218,0.0768218,0.0768218,0.0768218,0.0768218,0.0768218,0.0768218,0.0768218,0.0768218,0.0768218,0.0182512,0.0768218,0.0768218,0.0768218,0.0768218,0.0768218,0.0768218,0.0768218,0.0768218,0.0768218,0.0768218,0.0768218,0.0768218,0.0768218,0.0768218,0.0768218,0.0768218,0.0768218,0.0768218,0.0768218,0.0768218,0.0768218,0.0768218,0.0768218,0.0768218,0.0768218,0.0768218,0.0768218,0.0768218,0.0768218,0.0768218,0.0602624,
0.477641,0.246974,0.196178,0.477641,0.477641,0.477641,0.477641,0.115607,0.477641,0.454547,0.0322694,0.477641,0.477641,0.0599598,0.279493,0.17642,0.477641,0.477641,0.477641,0.477641,0.434503,0.203158,0.272443,0.2443,0.476952,0.477641,0.21741,0.477641,0.477641,0.477641,0.129043,0.477641,0.477641,0.118397,0.477641,0.386707,0.477641,0.123444,0.477641,0.477641,0.105562,0.360967,0.477641,0.477641,0.157154,0.16911,0.477641,0.477641,0.341848,0.477641,0.477641,0.28222,0.169961,0.0731837,0.477641,0.1646,0.477641,0.433928,0.477641,0.266287,0.477641,0.213916,0.380628,0.477641,0.477641,0.356334,0.197901,0.477641,0.0182512,0.114529,0.477641,0.382413,0.331292,0.477641,0.393451,0.477641,0.129609,0.477641,0.35206,0.477641,0.477641,0.477641,0.435375,0.349157,0.477641,0.477641,0.477641,0.477641,0.314608,0.125922,0.133293,0.126031,0.477641,0.458914,0.234676,0.477641,0.477641,0.120177,0.477641,0.0602624,
0.238019,0.238019,0.196178,0.238019,0.238019,0.238019,0.238019,0.115607,0.238019,0.238019,0.0322694,0.238019,0.238019,0.0599598,0.238019,0.17642,0.238019,0.238019,0.238019,0.238019,0.238019,0.203158,0.238019,0.238019,0.238019,0.238019,0.21741,0.238019,0.238019,0.238019,0.129043,0.238019,0.238019,0.118397,0.238019,0.238019,0.238019,0.123444,0.238019,0.238019,0.105562,0.238019,0.238019,0.238019,0.157154,0.16911,0.238019,0.238019,0.238019,0.238019,0.238019,0.238019,0.169961,0.0731837,0.238019,0.1646,0.238019,0.238019,0.238019,0.238019,0.238019,0.213916,0.238019,0.238019,0.238019,0.238019,0.197901,0.238019,0.0182512,0.114529,0.238019,0.238019,0.238019,0.238019,0.238019,0.238019,0.129609,0.238019,0.238019,0.238019,0.238019,0.238019,0.238019,0.238019,0.238019,0.238019,0.238019,0.238019,0.238019,0.125922,0.133293,0.126031,0.238019,0.238019,0.234676,0.238019,0.238019,0.120177,0.238019,0.0602624,
0.596723,0.246974,0.196178,0.835997,0.623243,0.671648,0.871284,0.115607,0.676065,0.454547,0.0322694,0.855082,0.661425,0.0599598,0.279493,0.17642,0.897245,0.594159,0.690932,0.56934,0.434503,0.203158,0.272443,0.2443,0.476952,0.961436,0.21741,0.782475,0.960055,0.5734,0.129043,0.501854,0.505059,0.118397,0.668904,0.386707,0.831097,0.123444,0.648075,0.848695,0.105562,0.360967,0.719204,0.580969,0.157154,0.16911,0.671352,0.88651,0.341848,0.699639,0.791982,0.28222,0.169961,0.0731837,0.750171,0.1646,0.773202,0.433928,0.929321,0.266287,0.79278,0.213916,0.380628,0.928528,0.616563,0.356334,0.197901,0.79114,0.0182512,0.114529,0.654629,0.382413,0.331292,0.914368,0.393451,0.831551,0.129609,0.94207,0.35206,0.571891,0.844201,0.817317,0.435375,0.349157,0.919119,0.74458,0.776418,0.612058,0.314608,0.125922,0.133293,0.126031,0.750525,0.458914,0.234676,0.683946,0.854236,0.120177,0.944193,0.0602624,
0.596723,0.246974,0.196178,0.681199,0.623243,0.671648,0.681199,0.115607,0.676065,0.454547,0.0322694,0.681199,0.661425,0.0599598,0.279493,0.17642,0.681199,0.594159,0.681199,0.56934,0.434503,0.203158,0.272443,0.2443,0.476952,0.681199,0.21741,0.681199,0.681199,0.5734,0.129043,0.501854,0.505059,0.118397,0.668904,0.386707,0.681199,0.123444,0.648075,0.681199,0.105562,0.360967,0.681199,0.580969,0.157154,0.16911,0.671352,0.681199,0.341848,0.681199,0.681199,0.28222,0.169961,0.0731837,0.681199,0.1646,0.681199,0.433928,0.681199,0.266287,0.681199,0.213916,0.380628,0.681199,0.616563,0.356334,0.197901,0.681199,0.0182512,0.114529,0.654629,0.382413,0.331292,0.681199,0.393451,0.681199,0.129609,0.681199,0.35206,0.571891,0.681199,0.681199,0.435375,0.349157,0.681199,0.681199,0.681199,0.612058,0.314608,0.125922,0.133293,0.126031,0.681199,0.458914,0.234676,0.681199,0.681199,0.120177,0.681199,0.0602624,
0.3624,0.246974,0.196178,0.3624,0.3624,0.3624,0.3624,0.115607,0.3624,0.3624,0.0322694,0.3624,0.3624,0.0599598,0.279493,0.17642,0.3624,0.3624,0.3624,0.3624,0.3624,0.203158,0.272443,0.2443,0.3624,0.3624,0.21741,0.3624,0.3624,0.3624,0.129043,0.3624,0.3624,0.118397,0.3624,0.3624,0.3624,0.123444,0.3624,0.3624,0.105562,0.360967,0.3624,0.3624,0.157154,0.16911,0.3624,0.3624,0.341848,0.3624,0.3624,0.28222,0.169961,0.0731837,0.3624,0.1646,0.3624,0.3624,0.3624,0.266287,0.3624,0.213916,0.3624,0.3624,0.3624,0.356334,0.197901,0.3624,0.0182512,0.114529,0.3624,0.3624,0.331292,0.3624,0.3624,0.3624,0.129609,0.3624,0.35206,0.3624,0.3624,0.3624,0.3624,0.349157,0.3624,0.3624,0.3624,0.3624,0.314608,0.125922,0.133293,0.126031,0.3624,0.3624,0.234676,0.3624,0.3624,0.120177,0.3624,0.0602624,
0.596723,0.246974,0.196178,0.794278,0.623243,0.671648,0.794278,0.115607,0.676065,0.454547,0.0322694,0.794278,0.661425,0.0599598,0.279493,0.17642,0.794278,0.594159,0.690932,0.56934,0.434503,0.203158,0.272443,0.2443,0.476952,0.794278,0.21741,0.782475,0.794278,0.5734,0.129043,0.501854,0.505059,0.118397,0.668904,0.386707,0.794278,0.123444,0.648075,0.794278,0.105562,0.360967,0.719204,0.580969,0.157154,0.16911,0.671352,0.794278,0.341848,0.699639,0.791982,0.28222,0.169961,0.0731837,0.750171,0.1646,0.773202,0.433928,0.794278,0.266287,0.79278,0.213916,0.380628,0.794278,0.616563,0.356334,0.197901,0.79114,0.0182512,0.114529,0.654629,0.382413,0.331292,0.794278,0.393451,0.794278,0.129609,0.794278,0.35206,0.571891,0.794278,0.794278,0.435375,0.349157,0.794278,0.74458,0.776418,0.612058,0.314608,0.125922,0.133293,0.126031,0.750525,0.458914,0.234676,0.683946,0.794278,0.120177,0.794278,0.0602624,
0.073511,0.073511,0.073511,0.073511,0.073511,0.073511,0.073511,0.073511,0.073511,0.073511,0.0322694,0.073511,0.073511,0.0599598,0.073511,0.073511,0.073511,0.073511,0.073511,0.073511,0.073511,0.073511,0.073511,0.073511,0.073511,0.073511,0.073511,0.073511,0.073511,0.073511,0.073511,0.073511,0.073511,0.073511,0.073511,0.073511,0.073511,0.073511,0.073511,0.073511,0.073511,0.073511,0.073511,0.073511,0.073511,0.073511,0.073511,0.073511,0.073511,0.073511,0.073511,0.073511,0.073511,0.0731837,0.073511,0.073511,0.073511,0.073511,0.073511,0.073511,0.073511,0.073511,0.073511,0.073511,0.073511,0.073511,0.073511,0.073511,0.0182512,0.073511,0.073511,0.073511,0.073511,0.073511,0.073511,0.073511,0.073511,0.073511,0.073511,0.073511,0.073511,0.073511,0.073511,0.073511,0.073511,0.073511,0.073511,0.073511,0.073511,0.073511,0.073511,0.073511,0.073511,0.073511,0.073511,0.073511,0.073511,0.073511,0.073511,0.0602624,
0.483873,0.246974,0.196178,0.483873,0.483873,0.483873,0.483873,0.115607,0.483873,0.454547,0.0322694,0.483873,0.483873,0.0599598,0.279493,0.17642,0.483873,0.483873,0.483873,0.483873,0.434503,0.203158,0.272443,0.2443,0.476952,0.483873,0.21741,0.483873,0.483873,0.483873,0.129043,0.483873,0.483873,0.118397,0.483873,0.386707,0.483873,0.123444,0.483873,0.483873,0.105562,0.360967,0.483873,0.483873,0.157154,0.16911,0.483873,0.483873,0.341848,0.483873,0.483873,0.28222,0.169961,0.0731837,0.483873,0.1646,0.483873,0.433928,0.483873,0.266287,0.483873,0.213916,0.380628,0.483873,0.483873,0.356334,0.197901,0.483873,0.0182512,0.114529,0.483873,0.382413,0.331292,0.483873,0.393451,0.483873,0.129609,0.483873,0.35206,0.483873,0.483873,0.483873,0.435375,0.349157,0.483873,0.483873,0.483873,0.483873,0.314608,0.125922,0.133293,0.126031,0.483873,0.458914,0.234676,0.483873,0.483873,0.120177,0.483873,0.0602624,
0.499657,0.246974,0.196178,0.499657,0.499657,0.499657,0.499657,0.115607,0.499657,0.454547,0.0322694,0.499657,0.499657,0.0599598,0.279493,0.17642,0.499657,0.499657,0.499657,0.499657,0.434503,0.203158,0.272443,0.2443,0.476952,0.499657,0.21741,0.499657,0.499657,0.499657,0.129043,0.499657,0.499657,0.118397,0.499657,0.386707,0.499657,0.123444,0.499657,0.499657,0.105562,0.360967,0.499657,0.499657,0.157154,0.16911,0.499657,0.499657,0.341848,0.499657,0.499657,0.28222,0.169961,0.0731837,0.499657,0.1646,0.499657,0.433928,0.499657,0.266287,0.499657,0.213916,0.380628,0.499657,0.499657,0.356334,0.197901,0.499657,0.0182512,0.114529,0.499657,0.382413,0.331292,0.499657,0.393451,0.499657,0.129609,0.499657,0.35206,0.499657,0.499657,0.499657,0.435375,0.349157,0.499657,0.499657,0.499657,0.499657,0.314608,0.125922,0.133293,0.126031,0.499657,0.458914,0.234676,0.499657,0.499657,0.120177,0.499657,0.0602624,
0.596723,0.246974,0.196178,0.835997,0.623243,0.671648,0.871284,0.115607,0.676065,0.454547,0.0322694,0.855082,0.661425,0.0599598,0.279493,0.17642,0.897245,0.594159,0.690932,0.56934,0.434503,0.203158,0.272443,0.2443,0.476952,0.932843,0.21741,0.782475,0.932843,0.5734,0.129043,0.501854,0.505059,0.118397,0.668904,0.386707,0.831097,0.123444,0.648075,0.848695,0.105562,0.360967,0.719204,0.580969,0.157154,0.16911,0.671352,0.88651,0.341848,0.699639,0.791982,0.28222,0.169961,0.0731837,0.750171,0.1646,0.773202,0.433928,0.929321,0.266287,0.79278,0.213916,0.380628,0.928528,0.616563,0.356334,0.197901,0.79114,0.0182512,0.114529,0.654629,0.382413,0.331292,0.914368,0.393451,0.831551,0.129609,0.932843,0.35206,0.571891,0.844201,0.817317,0.435375,0.349157,0.919119,0.74458,0.776418,0.612058,0.314608,0.125922,0.133293,0.126031,0.750525,0.458914,0.234676,0.683946,0.854236,0.120177,0.932843,0.0602624,
0.146196,0.146196,0.146196,0.146196,0.146196,0.146196,0.146196,0.115607,0.146196,0.146196,0.0322694,0.146196,0.146196,0.0599598,0.146196,0.146196,0.146196,0.146196,0.146196,0.146196,0.146196,0.146196,0.146196,0.146196,0.146196,0.146196,0.146196,0.146196,0.146196,0.146196,0.129043,0.146196,0.146196,0.118397,0.146196,0.146196,0.146196,0.123444,0.146196,0.146196,0.105562,0.146196,0.146196,0.146196,0.146196,0.146196,0.146196,0.146196,0.146196,0.146196,0.146196,0.146196,0.146196,0.0731837,0.146196,0.146196,0.146196,0.146196,0.146196,0.146196,0.146196,0.146196,0.146196,0.146196,0.146196,0.146196,0.146196,0.146196,0.0182512,0.114529,0.146196,0.146196,0.146196,0.146196,0.146196,0.146196,0.129609,0.146196,0.146196,0.146196,0.146196,0.146196,0.146196,0.146196,0.146196,0.146196,0.146196,0.146196,0.146196,0.125922,0.133293,0.126031,0.146196,0.146196,0.146196,0.146196,0.146196,0.120177,0.146196,0.0602624,
0.080322,0.080322,0.080322,0.080322,0.080322,0.080322,0.080322,0.080322,0.080322,0.080322,0.0322694,0.080322,0.080322,0.0599598,0.080322,0.080322,0.080322,0.080322,0.080322,0.080322,0.080322,0.080322,0.080322,0.080322,0.080322,0.080322,0.080322,0.080322,0.080322,0.080322,0.080322,0.080322,0.080322,0.080322,0.080322,0.080322,0.080322,0.080322,0.080322,0.080322,0.080322,0.080322,0.080322,0.080322,0.080322,0.080322,0.080322,0.080322,0.080322,0.080322,0.080322,0.080322,0.080322,0.0731837,0.080322,0.080322,0.080322,0.080322,0.080322,0.080322,0.080322,0.080322,0.080322,0.080322,0.080322,0.080322,0.080322,0.080322,0.0182512,0.080322,0.080322,0.080322,0.080322,0.080322,0.080322,0.080322,0.080322,0.080322,0.080322,0.080322,0.080322,0.080322,0.080322,0.080322,0.080322,0.080322,0.080322,0.080322,0.080322,0.080322,0.080322,0.080322,0.080322,0.080322,0.080322,0.080322,0.080322,0.080322,0.080322,0.0602624,
0.408177,0.246974,0.196178,0.408177,0.408177,0.408177,0.408177,0.115607,0.408177,0.408177,0.0322694,0.408177,0.408177,0.0599598,0.279493,0.17642,0.408177,0.408177,0.408177,0.408177,0.408177,0.203158,0.272443,0.2443,0.408177,0.408177,0.21741,0.408177,0.408177,0.408177,0.129043,0.408177,0.408177,0.118397,0.408177,0.386707,0.408177,0.123444,0.408177,0.408177,0.105562,0.360967,0.408177,0.408177,0.157154,0.16911,0.408177,0.408177,0.341848,0.408177,0.408177,0.28222,0.169961,0.0731837,0.408177,0.1646,0.408177,0.408177,0.408177,0.266287,0.408177,0.213916,0.380628,0.408177,0.408177,0.356334,0.197901,0.408177,0.0182512,0.114529,0.408177,0.382413,0.331292,0.408177,0.393451,0.408177,0.129609,0.408177,0.35206,0.408177,0.408177,0.408177,0.408177,0.349157,0.408177,0.408177,0.408177,0.408177,0.314608,0.125922,0.133293,0.126031,0.408177,0.408177,0.234676,0.408177,0.408177,0.120177,0.408177,0.0602624,
0.596723,0.246974,0.196178,0.835997,0.623243,0.671648,0.871284,0.115607,0.676065,0.454547,0.0322694,0.855082,0.661425,0.0599598,0.279493,0.17642,0.897245,0.594159,0.690932,0.56934,0.434503,0.203158,0.272443,0.2443,0.476952,0.961436,0.21741,0.782475,0.960055,0.5734,0.129043,0.501854,0.505059,0.118397,0.668904,0.386707,0.831097,0.123444,0.648075,0.848695,0.105562,0.360967,0.719204,0.580969,0.157154,0.16911,0.671352,0.88651,0.341848,0.699639,0.791982,0.28222,0.169961,0.0731837,0.750171,0.1646,0.773202,0.433928,0.929321,0.266287,0.79278,0.213916,0.380628,0.928528,0.616563,0.356334,0.197901,0.79114,0.0182512,0.114529,0.654629,0.382413,0.331292,0.914368,0.393451,0.831551,0.129609,0.94207,0.35206,0.571891,0.844201,0.817317,0.435375,0.349157,0.919119,0.74458,0.776418,0.612058,0.314608,0.125922,0.133293,0.126031,0.750525,0.458914,0.234676,0.683946,0.854236,0.120177,0.944193,0.0602624,
0.19808,0.19808,0.196178,0.19808,0.19808,0.19808,0.19808,0.115607,0.19808,0.19808,0.0322694,0.19808,0.19808,0.0599598,0.19808,0.17642,0.19808,0.19808,0.19808,0.19808,0.19808,0.19808,0.19808,0.19808,0.19808,0.19808,0.19808,0.19808,0.19808,0.19808,0.129043,0.19808,0.19808,0.118397,0.19808,0.19808,0.19808,0.123444,0.19808,0.19808,0.105562,0.19808,0.19808,0.19808,0.157154,0.16911,0.19808,0.19808,0.19808,0.19808,0.19808,0.19808,0.169961,0.0731837,0.19808,0.1646,0.19808,0.19808,0.19808,0.19808,0.19808,0.19808,0.19808,0.19808,0.19808,0.19808,0.197901,0.19808,0.0182512,0.114529,0.19808,0.19808,0.19808,0.19808,0.19808,0.19808,0.129609,0.19808,0.19808,0.19808,0.19808,0.19808,0.19808,0.19808,0.19808,0.19808,0.19808,0.19808,0.19808,0.125922,0.133293,0.126031,0.19808,0.19808,0.19808,0.19808,0.19808,0.120177,0.19808,0.0602624,
0.196307,0.196307,0.196178,0.196307,0.196307,0.196307,0.196307,0.115607,0.196307,0.196307,0.0322694,0.196307,0.196307,0.0599598,0.196307,0.17642,0.196307,0.196307,0.196307,0.196307,0.196307,0.196307,0.196307,0.196307,0.196307,0.196307,0.196307,0.196307,0.196307,0.196307,0.129043,0.196307,0.196307,0.118397,0.196307,0.196307,0.196307,0.123444,0.196307,0.196307,0.105562,0.196307,0.196307,0.196307,0.157154,0.16911,0.196307,0.196307,0.196307,0.196307,0.196307,0.196307,0.169961,0.0731837,0.196307,0.1646,0.196307,0.196307,0.196307,0.196307,0.196307,0.196307,0.196307,0.196307,0.196307,0.196307,0.196307,0.196307,0.0182512,0.114529,0.196307,0.196307,0.196307,0.196307,0.196307,0.196307,0.129609,0.196307,0.196307,0.196307,0.196307,0.196307,0.196307,0.196307,0.196307,0.196307,0.196307,0.196307,0.196307,0.125922,0.133293,0.126031,0.196307,0.196307,0.196307,0.196307,0.196307,0.120177,0.196307,0.0602624,
0.575679,0.246974,0.196178,0.575679,0.575679,0.575679,0.575679,0.115607,0.575679,0.454547,0.0322694,0.575679,0.575679,0.0599598,0.279493,0.17642,0.575679,0.575679,0.575679,0.56934,0.434503,0.203158,0.272443,0.2443,0.476952,0.575679,0.21741,0.575679,0.575679,0.5734,0.129043,0.501854,0.505059,0.118397,0.575679,0.386707,0.575679,0.123444,0.575679,0.575679,0.105562,0.360967,0.575679,0.575679,0.157154,0.16911,0.575679,0.575679,0.341848,0.575679,0.575679,0.28222,0.169961,0.0731837,0.575679,0.1646,0.575679,0.433928,0.575679,0.266287,0.575679,0.213916,0.380628,0.575679,0.575679,0.356334,0.197901,0.575679,0.0182512,0.114529,0.575679,0.382413,0.331292,0.575679,0.393451,0.575679,0.129609,0.575679,0.35206,0.571891,0.575679,0.575679,0.435375,0.349157,0.575679,0.575679,0.575679,0.575679,0.314608,0.125922,0.133293,0.126031,0.575679,0.458914,0.234676,0.575679,0.575679,0.120177,0.575679,0.0602624,
0.585675,0.246974,0.196178,0.585675,0.585675,0.585675,0.585675,0.115607,0.585675,0.454547,0.0322694,0.585675,0.585675,0.0599598,0.279493,0.17642,0.585675,0.585675,0.585675,0.56934,0.434503,0.203158,0.272443,0.2443,0.476952,0.585675,0.21741,0.585675,0.585675,0.5734,0.129043,0.501854,0.505059,0.118397,0.585675,0.386707,0.585675,0.123444,0.585675,0.585675,0.105562,0.360967,0.585675,0.580969,0.157154,0.16911,0.585675,0.585675,0.341848,0.585675,0.585675,0.28222,0.169961,0.0731837,0.585675,0.1646,0.585675,0.433928,0.585675,0.266287,0.585675,0.213916,0.380628,0.585675,0.585675,0.356334,0.197901,0.585675,0.0182512,0.114529,0.585675,0.382413,0.331292,0.585675,0.393451,0.585675,0.129609,0.585675,0.35206,0.571891,0.585675,0.585675,0.435375,0.349157,0.585675,0.585675,0.585675,0.585675,0.314608,0.125922,0.133293,0.126031,0.585675,0.458914,0.234676,0.585675,0.585675,0.120177,0.585675,0.0602624,
0.368203,0.246974,0.196178,0.368203,0.368203,0.368203,0.368203,0.115607,0.368203,0.368203,0.0322694,0.368203,0.368203,0.0599598,0.279493,0.17642,0.368203,0.368203,0.368203,0.368203,0.368203,0.203158,0.272443,0.2443,0.368203,0.368203,0.21741,0.368203,0.368203,0.368203,0.129043,0.368203,0.368203,0.118397,0.368203,0.368203,0.368203,0.123444,0.368203,0.368203,0.105562,0.360967,0.368203,0.368203,0.157154,0.16911,0.368203,0.368203,0.341848,0.368203,0.368203,0.28222,0.169961,0.0731837,0.368203,0.1646,0.368203,0.368203,0.368203,0.266287,0.368203,0.213916,0.368203,0.368203,0.368203,0.356334,0.197901,0.368203,0.0182512,0.114529,0.368203,0.368203,0.331292,0.368203,0.368203,0.368203,0.129609,0.368203,0.35206,0.368203,0.368203,0.368203,0.368203,0.349157,0.368203,0.368203,0.368203,0.368203,0.314608,0.125922,0.133293,0.126031,0.368203,0.368203,0.234676,0.368203,0.368203,0.120177,0.368203,0.0602624,
0.596723,0.246974,0.196178,0.600133,0.600133,0.600133,0.600133,0.115607,0.600133,0.454547,0.0322694,0.600133,0.600133,0.0599598,0.279493,0.17642,0.600133,0.594159,0.600133,0.56934,0.434503,0.203158,0.272443,0.2443,0.476952,0.600133,0.21741,0.600133,0.600133,0.5734,0.129043,0.501854,0.505059,0.118397,0.600133,0.386707,0.600133,0.123444,0.600133,0.600133,0.105562,0.360967,0.600133,0.580969,0.157154,0.16911,0.600133,0.600133,0.341848,0.600133,0.600133,0.28222,0.169961,0.0731837,0.600133,0.1646,0.600133,0.433928,0.600133,0.266287,0.600133,0.213916,0.380628,0.600133,0.600133,0.356334,0.197901,0.600133,0.0182512,0.114529,0.600133,0.382413,0.331292,0.600133,0.393451,0.600133,0.129609,0.600133,0.35206,0.571891,0.600133,0.600133,0.435375,0.349157,0.600133,0.600133,0.600133,0.600133,0.314608,0.125922,0.133293,0.126031,0.600133,0.458914,0.234676,0.600133,0.600133,0.120177,0.600133,0.0602624,
0.148787,0.148787,0.148787,0.148787,0.148787,0.148787,0.148787,0.115607,0.148787,0.148787,0.0322694,0.148787,0.148787,0.0599598,0.148787,0.148787,0.148787,0.148787,0.148787,0.148787,0.148787,0.148787,0.148787,0.148787,0.148787,0.148787,0.148787,0.148787,0.148787,0.148787,0.129043,0.148787,0.148787,0.118397,0.148787,0.148787,0.148787,0.123444,0.148787,0.148787,0.105562,0.148787,0.148787,0.148787,0.148787,0.148787,0.148787,0.148787,0.148787,0.148787,0.148787,0.148787,0.148787,0.0731837,0.148787,0.148787,0.148787,0.148787,0.148787,0.148787,0.148787,0.148787,0.148787,0.148787,0.148787,0.148787,0.148787,0.148787,0.0182512,0.114529,0.148787,0.148787,0.148787,0.148787,0.148787,0.148787,0.129609,0.148787,0.148787,0.148787,0.148787,0.148787,0.148787,0.148787,0.148787,0.148787,0.148787,0.148787,0.148787,0.125922,0.133293,0.126031,0.148787,0.148787,0.148787,0.148787,0.148787,0.120177,0.148787,0.0602624,
0.596723,0.246974,0.196178,0.835997,0.623243,0.671648,0.871284,0.115607,0.676065,0.454547,0.0322694,0.855082,0.661425,0.0599598,0.279493,0.17642,0.897245,0.594159,0.690932,0.56934,0.434503,0.203158,0.272443,0.2443,0.476952,0.961436,0.21741,0.782475,0.960055,0.5734,0.129043,0.501854,0.505059,0.118397,0.668904,0.386707,0.831097,0.123444,0.648075,0.848695,0.105562,0.360967,0.719204,0.580969,0.157154,0.16911,0.671352,0.88651,0.341848,0.699639,0.791982,0.28222,0.169961,0.0731837,0.750171,0.1646,0.773202,0.433928,0.929321,0.266287,0.79278,0.213916,0.380628,0.928528,0.616563,0.356334,0.197901,0.79114,0.0182512,0.114529,0.654629,0.382413,0.331292,0.914368,0.393451,0.831551,0.129609,0.94207,0.35206,0.571891,0.844201,0.817317,0.435375,0.349157,0.919119,0.74458,0.776418,0.612058,0.314608,0.125922,0.133293,0.126031,0.750525,0.458914,0.234676,0.683946,0.854236,0.120177,0.944193,0.0602624,
0.40274,0.246974,0.196178,0.40274,0.40274,0.40274,0.40274,0.115607,0.40274,0.40274,0.0322694,0.40274,0.40274,0.0599598,0.279493,0.17642,0.40274,0.40274,0.40274,0.40274,0.40274,0.203158,0.272443,0.2443,0.40274,0.40274,0.21741,0.40274,0.40274,0.40274,0.129043,0.40274,0.40274,0.118397,0.40274,0.386707,0.40274,0.123444,0.40274,0.40274,0.105562,0.360967,0.40274,0.40274,0.157154,0.16911,0.40274,0.40274,0.341848,0.40274,0.40274,0.28222,0.169961,0.0731837,0.40274,0.1646,0.40274,0.40274,0.40274,0.266287,0.40274,0.213916,0.380628,0.40274,0.40274,0.356334,0.197901,0.40274,0.0182512,0.114529,0.40274,0.382413,0.331292,0.40274,0.393451,0.40274,0.129609,0.40274,0.35206,0.40274,0.40274,0.40274,0.40274,0.349157,0.40274,0.40274,0.40274,0.40274,0.314608,0.125922,0.133293,0.126031,0.40274,0.40274,0.234676,0.40274,0.40274,0.120177,0.40274,0.0602624,
0.596723,0.246974,0.196178,0.819527,0.623243,0.671648,0.819527,0.115607,0.676065,0.454547,0.0322694,0.819527,0.661425,0.0599598,0.279493,0.17642,0.819527,0.594159,0.690932,0.56934,0.434503,0.203158,0.272443,0.2443,0.476952,0.819527,0.21741,0.782475,0.819527,0.5734,0.129043,0.501854,0.505059,0.118397,0.668904,0.386707,0.819527,0.123444,0.648075,0.819527,0.105562,0.360967,0.719204,0.580969,0.157154,0.16911,0.671352,0.819527,0.341848,0.699639,0.791982,0.28222,0.169961,0.0731837,0.750171,0.1646,0.773202,0.433928,0.819527,0.266287,0.79278,0.213916,0.380628,0.819527,0.616563,0.356334,0.197901,0.79114,0.0182512,0.114529,0.654629,0.382413,0.331292,0.819527,0.393451,0.819527,0.129609,0.819527,0.35206,0.571891,0.819527,0.817317,0.435375,0.349157,0.819527,0.74458,0.776418,0.612058,0.314608,0.125922,0.133293,0.126031,0.750525,0.458914,0.234676,0.683946,0.819527,0.120177,0.819527,0.0602624,
0.374249,0.246974,0.196178,0.374249,0.374249,0.374249,0.374249,0.115607,0.374249,0.374249,0.0322694,0.374249,0.374249,0.0599598,0.279493,0.17642,0.374249,0.374249,0.374249,0.374249,0.374249,0.203158,0.272443,0.2443,0.374249,0.374249,0.21741,0.374249,0.374249,0.374249,0.129043,0.374249,0.374249,0.118397,0.374249,0.374249,0.374249,0.123444,0.374249,0.374249,0.105562,0.360967,0.374249,0.374249,0.157154,0.16911,0.374249,0.374249,0.341848,0.374249,0.374249,0.28222,0.169961,0.0731837,0.374249,0.1646,0.374249,0.374249,0.374249,0.266287,0.374249,0.213916,0.374249,0.374249,0.374249,0.356334,0.197901,0.374249,0.0182512,0.114529,0.374249,0.374249,0.331292,0.374249,0.374249,0.374249,0.129609,0.374249,0.35206,0.374249,0.374249,0.374249,0.374249,0.349157,0.374249,0.374249,0.374249,0.374249,0.314608,0.125922,0.133293,0.126031,0.374249,0.374249,0.234676,0.374249,0.374249,0.120177,0.374249,0.0602624,
0.479779,0.246974,0.196178,0.479779,0.479779,0.479779,0.479779,0.115607,0.479779,0.454547,0.0322694,0.479779,0.479779,0.0599598,0.279493,0.17642,0.479779,0.479779,0.479779,0.479779,0.434503,0.203158,0.272443,0.2443,0.476952,0.479779,0.21741,0.479779,0.479779,0.479779,0.129043,0.479779,0.479779,0.118397,0.479779,0.386707,0.479779,0.123444,0.479779,0.479779,0.105562,0.360967,0.479779,0.479779,0.157154,0.16911,0.479779,0.479779,0.341848,0.479779,0.479779,0.28222,0.169961,0.0731837,0.479779,0.1646,0.479779,0.433928,0.479779,0.266287,0.479779,0.213916,0.380628,0.479779,0.479779,0.356334,0.197901,0.479779,0.0182512,0.114529,0.479779,0.382413,0.331292,0.479779,0.393451,0.479779,0.129609,0.479779,0.35206,0.479779,0.479779,0.479779,0.435375,0.349157,0.479779,0.479779,0.479779,0.479779,0.314608,0.125922,0.133293,0.126031,0.479779,0.458914,0.234676,0.479779,0.479779,0.120177,0.479779,0.0602624,
0.596723,0.246974,0.196178,0.646495,0.623243,0.646495,0.646495,0.115607,0.646495,0.454547,0.0322694,0.646495,0.646495,0.0599598,0.279493,0.17642,0.646495,0.594159,0.646495,0.56934,0.434503,0.203158,0.272443,0.2443,0.476952,0.646495,0.21741,0.646495,0.646495,0.5734,0.129043,0.501854,0.505059,0.118397,0.646495,0.386707,0.646495,0.123444,0.646495,0.646495,0.105562,0.360967,0.646495,0.580969,0.157154,0.16911,0.646495,0.646495,0.341848,0.646495,0.646495,0.28222,0.169961,0.0731837,0.646495,0.1646,0.646495,0.433928,0.646495,0.266287,0.646495,0.213916,0.380628,0.646495,0.616563,0.356334,0.197901,0.646495,0.0182512,0.114529,0.646495,0.382413,0.331292,0.646495,0.393451,0.646495,0.129609,0.646495,0.35206,0.571891,0.646495,0.646495,0.435375,0.349157,0.646495,0.646495,0.646495,0.612058,0.314608,0.125922,0.133293,0.126031,0.646495,0.458914,0.234676,0.646495,0.646495,0.120177,0.646495,0.0602624,
0.596723,0.246974,0.196178,0.799035,0.623243,0.671648,0.799035,0.115607,0.676065,0.454547,0.0322694,0.799035,0.661425,0.0599598,0.279493,0.17642,0.799035,0.594159,0.690932,0.56934,0.434503,0.203158,0.272443,0.2443,0.476952,0.799035,0.21741,0.782475,0.799035,0.5734,0.129043,0.501854,0.505059,0.118397,0.668904,0.386707,0.799035,0.123444,0.648075,0.799035,0.105562,0.360967,0.719204,0.580969,0.157154,0.16911,0.671352,0.799035,0.341848,0.699639,0.791982,0.28222,0.169961,0.0731837,0.750171,0.1646,0.773202,0.433928,0.799035,0.266287,0.79278,0.213916,0.380628,0.799035,0.616563,0.356334,0.197901,0.79114,0.0182512,0.114529,0.654629,0.382413,0.331292,0.799035,0.393451,0.799035,0.129609,0.799035,0.35206,0.571891,0.799035,0.799035,0.435375,0.349157,0.799035,0.74458,0.776418,0.612058,0.314608,0.125922,0.133293,0.126031,0.750525,0.458914,0.234676,0.683946,0.799035,0.120177,0.799035,0.0602624,
0.357672,0.246974,0.196178,0.357672,0.357672,0.357672,0.357672,0.115607,0.357672,0.357672,0.0322694,0.357672,0.357672,0.0599598,0.279493,0.17642,0.357672,0.357672,0.357672,0.357672,0.357672,0.203158,0.272443,0.2443,0.357672,0.357672,0.21741,0.357672,0.357672,0.357672,0.129043,0.357672,0.357672,0.118397,0.357672,0.357672,0.357672,0.123444,0.357672,0.357672,0.105562,0.357672,0.357672,0.357672,0.157154,0.16911,0.357672,0.357672,0.341848,0.357672,0.357672,0.28222,0.169961,0.0731837,0.357672,0.1646,0.357672,0.357672,0.357672,0.266287,0.357672,0.213916,0.357672,0.357672,0.357672,0.356334,0.197901,0.357672,0.0182512,0.114529,0.357672,0.357672,0.331292,0.357672,0.357672,0.357672,0.129609,0.357672,0.35206,0.357672,0.357672,0.357672,0.357672,0.349157,0.357672,0.357672,0.357672,0.357672,0.314608,0.125922,0.133293,0.126031,0.357672,0.357672,0.234676,0.357672,0.357672,0.120177,0.357672,0.0602624,
0.334307,0.246974,0.196178,0.334307,0.334307,0.334307,0.334307,0.115607,0.334307,0.334307,0.0322694,0.334307,0.334307,0.0599598,0.279493,0.17642,0.334307,0.334307,0.334307,0.334307,0.334307,0.203158,0.272443,0.2443,0.334307,0.334307,0.21741,0.334307,0.334307,0.334307,0.129043,0.334307,0.334307,0.118397,0.334307,0.334307,0.334307,0.123444,0.334307,0.334307,0.105562,0.334307,0.334307,0.334307,0.157154,0.16911,0.334307,0.334307,0.334307,0.334307,0.334307,0.28222,0.169961,0.0731837,0.334307,0.1646,0.334307,0.334307,0.334307,0.266287,0.334307,0.213916,0.334307,0.334307,0.334307,0.334307,0.197901,0.334307,0.0182512,0.114529,0.334307,0.334307,0.331292,0.334307,0.334307,0.334307,0.129609,0.334307,0.334307,0.334307,0.334307,0.334307,0.334307,0.334307,0.334307,0.334307,0.334307,0.334307,0.314608,0.125922,0.133293,0.126031,0.334307,0.334307,0.234676,0.334307,0.334307,0.120177,0.334307,0.0602624,
0.144897,0.144897,0.144897,0.144897,0.144897,0.144897,0.144897,0.115607,0.144897,0.144897,0.0322694,0.144897,0.144897,0.0599598,0.144897,0.144897,0.144897,0.144897,0.144897,0.144897,0.144897,0.144897,0.144897,0.144897,0.144897,0.144897,0.144897,0.144897,0.144897,0.144897,0.129043,0.144897,0.144897,0.118397,0.144897,0.144897,0.144897,0.123444,0.144897,0.144897,0.105562,0.144897,0.144897,0.144897,0.144897,0.144897,0.144897,0.144897,0.144897,0.144897,0.144897,0.144897,0.144897,0.0731837,0.144897,0.144897,0.144897,0.144897,0.144897,0.144897,0.144897,0.144897,0.144897,0.144897,0.144897,0.144897,0.144897,0.144897,0.0182512,0.114529,0.144897,0.144897,0.144897,0.144897,0.144897,0.144897,0.129609,0.144897,0.144897,0.144897,0.144897,0.144897,0.144897,0.144897,0.144897,0.144897,0.144897,0.144897,0.144897,0.125922,0.133293,0.126031,0.144897,0.144897,0.144897,0.144897,0.144897,0.120177,0.144897,0.0602624,
0.596723,0.246974,0.196178,0.666856,0.623243,0.666856,0.666856,0.115607,0.666856,0.454547,0.0322694,0.666856,0.661425,0.0599598,0.279493,0.17642,0.666856,0.594159,0.666856,0.56934,0.434503,0.203158,0.272443,0.2443,0.476952,0.666856,0.21741,0.666856,0.666856,0.5734,0.129043,0.501854,0.505059,0.118397,0.666856,0.386707,0.666856,0.123444,0.648075,0.666856,0.105562,0.360967,0.666856,0.580969,0.157154,0.16911,0.666856,0.666856,0.341848,0.666856,0.666856,0.28222,0.169961,0.0731837,0.666856,0.1646,0.666856,0.433928,0.666856,0.266287,0.666856,0.213916,0.380628,0.666856,0.616563,0.356334,0.197901,0.666856,0.0182512,0.114529,0.654629,0.382413,0.331292,0.666856,0.393451,0.666856,0.129609,0.666856,0.35206,0.571891,0.666856,0.666856,0.435375,0.349157,0.666856,0.666856,0.666856,0.612058,0.314608,0.125922,0.133293,0.126031,0.666856,0.458914,0.234676,0.666856,0.666856,0.120177,0.666856,0.0602624,
0.314699,0.246974,0.196178,0.314699,0.314699,0.314699,0.314699,0.115607,0.314699,0.314699,0.0322694,0.314699,0.314699,0.0599598,0.279493,0.17642,0.314699,0.314699,0.314699,0.314699,0.314699,0.203158,0.272443,0.2443,0.314699,0.314699,0.21741,0.314699,0.314699,0.314699,0.129043,0.314699,0.314699,0.118397,0.314699,0.314699,0.314699,0.123444,0.314699,0.314699,0.105562,0.314699,0.314699,0.314699,0.157154,0.16911,0.314699,0.314699,0.314699,0.314699,0.314699,0.28222,0.169961,0.0731837,0.314699,0.1646,0.314699,0.314699,0.314699,0.266287,0.314699,0.213916,0.314699,0.314699,0.314699,0.314699,0.197901,0.314699,0.0182512,0.114529,0.314699,0.314699,0.314699,0.314699,0.314699,0.314699,0.129609,0.314699,0.314699,0.314699,0.314699,0.314699,0.314699,0.314699,0.314699,0.314699,0.314699,0.314699,0.314608,0.125922,0.133293,0.126031,0.314699,0.314699,0.234676,0.314699,0.314699,0.120177,0.314699,0.0602624,
0.596723,0.246974,0.196178,0.602249,0.602249,0.602249,0.602249,0.115607,0.602249,0.454547,0.0322694,0.602249,0.602249,0.0599598,0.279493,0.17642,0.602249,0.594159,0.602249,0.56934,0.434503,0.203158,0.272443,0.2443,0.476952,0.602249,0.21741,0.602249,0.602249,0.5734,0.129043,0.501854,0.505059,0.118397,0.602249,0.386707,0.602249,0.123444,0.602249,0.602249,0.105562,0.360967,0.602249,0.580969,0.157154,0.16911,0.602249,0.602249,0.341848,0.602249,0.602249,0.28222,0.169961,0.0731837,0.602249,0.1646,0.602249,0.433928,0.602249,0.266287,0.602249,0.213916,0.380628,0.602249,0.602249,0.356334,0.197901,0.602249,0.0182512,0.114529,0.602249,0.382413,0.331292,0.602249,0.393451,0.602249,0.129609,0.602249,0.35206,0.571891,0.602249,0.602249,0.435375,0.349157,0.602249,0.602249,0.602249,0.602249,0.314608,0.125922,0.133293,0.126031,0.602249,0.458914,0.234676,0.602249,0.602249,0.120177,0.602249,0.0602624,
0.596723,0.246974,0.196178,0.835997,0.623243,0.671648,0.871284,0.115607,0.676065,0.454547,0.0322694,0.855082,0.661425,0.0599598,0.279493,0.17642,0.897245,0.594159,0.690932,0.56934,0.434503,0.203158,0.272443,0.2443,0.476952,0.92083,0.21741,0.782475,0.92083,0.5734,0.129043,0.501854,0.505059,0.118397,0.668904,0.386707,0.831097,0.123444,0.648075,0.848695,0.105562,0.360967,0.719204,0.580969,0.157154,0.16911,0.671352,0.88651,0.341848,0.699639,0.791982,0.28222,0.169961,0.0731837,0.750171,0.1646,0.773202,0.433928,0.92083,0.266287,0.79278,0.213916,0.380628,0.92083,0.616563,0.356334,0.197901,0.79114,0.0182512,0.114529,0.654629,0.382413,0.331292,0.914368,0.393451,0.831551,0.129609,0.92083,0.35206,0.571891,0.844201,0.817317,0.435375,0.349157,0.919119,0.74458,0.776418,0.612058,0.314608,0.125922,0.133293,0.126031,0.750525,0.458914,0.234676,0.683946,0.854236,0.120177,0.92083,0.0602624,
0.516531,0.246974,0.196178,0.516531,0.516531,0.516531,0.516531,0.115607,0.516531,0.454547,0.0322694,0.516531,0.516531,0.0599598,0.279493,0.17642,0.516531,0.516531,0.516531,0.516531,0.434503,0.203158,0.272443,0.2443,0.476952,0.516531,0.21741,0.516531,0.516531,0.516531,0.129043,0.501854,0.505059,0.118397,0.516531,0.386707,0.516531,0.123444,0.516531,0.516531,0.105562,0.360967,0.516531,0.516531,0.157154,0.16911,0.516531,0.516531,0.341848,0.516531,0.516531,0.28222,0.169961,0.0731837,0.516531,0.1646,0.516531,0.433928,0.516531,0.266287,0.516531,0.213916,0.380628,0.516531,0.516531,0.356334,0.197901,0.516531,0.0182512,0.114529,0.516531,0.382413,0.331292,0.516531,0.393451,0.516531,0.129609,0.516531,0.35206,0.516531,0.516531,0.516531,0.435375,0.349157,0.516531,0.516531,0.516531,0.516531,0.314608,0.125922,0.133293,0.126031,0.516531,0.458914,0.234676,0.516531,0.516531,0.120177,0.516531,0.0602624,
0.264133,0.246974,0.196178,0.264133,0.264133,0.264133,0.264133,0.115607,0.264133,0.264133,0.0322694,0.264133,0.264133,0.0599598,0.264133,0.17642,0.264133,0.264133,0.264133,0.264133,0.264133,0.203158,0.264133,0.2443,0.264133,0.264133,0.21741,0.264133,0.264133,0.264133,0.129043,0.264133,0.264133,0.118397,0.264133,0.264133,0.264133,0.123444,0.264133,0.264133,0.105562,0.264133,0.264133,0.264133,0.157154,0.16911,0.264133,0.264133,0.264133,0.264133,0.264133,0.264133,0.169961,0.0731837,0.264133,0.1646,0.264133,0.264133,0.264133,0.264133,0.264133,0.213916,0.264133,0.264133,0.264133,0.264133,0.197901,0.264133,0.0182512,0.114529,0.264133,0.264133,0.264133,0.264133,0.264133,0.264133,0.129609,0.264133,0.264133,0.264133,0.264133,0.264133,0.264133,0.264133,0.264133,0.264133,0.264133,0.264133,0.264133,0.125922,0.133293,0.126031,0.264133,0.264133,0.234676,0.264133,0.264133,0.120177,0.264133,0.0602624,
0.596723,0.246974,0.196178,0.833648,0.623243,0.671648,0.833648,0.115607,0.676065,0.454547,0.0322694,0.833648,0.661425,0.0599598,0.279493,0.17642,0.833648,0.594159,0.690932,0.56934,0.434503,0.203158,0.272443,0.2443,0.476952,0.833648,0.21741,0.782475,0.833648,0.5734,0.129043,0.501854,0.505059,0.118397,0.668904,0.386707,0.831097,0.123444,0.648075,0.833648,0.105562,0.360967,0.719204,0.580969,0.157154,0.16911,0.671352,0.833648,0.341848,0.699639,0.791982,0.28222,0.169961,0.0731837,0.750171,0.1646,0.773202,0.433928,0.833648,0.266287,0.79278,0.213916,0.380628,0.833648,0.616563,0.356334,0.197901,0.79114,0.0182512,0.114529,0.654629,0.382413,0.331292,0.833648,0.393451,0.831551,0.129609,0.833648,0.35206,0.571891,0.833648,0.817317,0.435375,0.349157,0.833648,0.74458,0.776418,0.612058,0.314608,0.125922,0.133293,0.126031,0.750525,0.458914,0.234676,0.683946,0.833648,0.120177,0.833648,0.0602624,
0.596723,0.246974,0.196178,0.634619,0.623243,0.634619,0.634619,0.115607,0.634619,0.454547,0.0322694,0.634619,0.634619,0.0599598,0.279493,0.17642,0.634619,0.594159,0.634619,0.56934,0.434503,0.203158,0.272443,0.2443,0.476952,0.634619,0.21741,0.634619,0.634619,0.5734,0.129043,0.501854,0.505059,0.118397,0.634619,0.386707,0.634619,0.123444,0.634619,0.634619,0.105562,0.360967,0.634619,0.580969,0.157154,0.16911,0.634619,0.634619,0.341848,0.634619,0.634619,0.28222,0.169961,0.0731837,0.634619,0.1646,0.634619,0.433928,0.634619,0.266287,0.634619,0.213916,0.380628,0.634619,0.616563,0.356334,0.197901,0.634619,0.0182512,0.114529,0.634619,0.382413,0.331292,0.634619,0.393451,0.634619,0.129609,0.634619,0.35206,0.571891,0.634619,0.634619,0.435375,0.349157,0.634619,0.634619,0.634619,0.612058,0.314608,0.125922,0.133293,0.126031,0.634619,0.458914,0.234676,0.634619,0.634619,0.120177,0.634619,0.0602624,
0.458046,0.246974,0.196178,0.458046,0.458046,0.458046,0.458046,0.115607,0.458046,0.454547,0.0322694,0.458046,0.458046,0.0599598,0.279493,0.17642,0.458046,0.458046,0.458046,0.458046,0.434503,0.203158,0.272443,0.2443,0.458046,0.458046,0.21741,0.458046,0.458046,0.458046,0.129043,0.458046,0.458046,0.118397,0.458046,0.386707,0.458046,0.123444,0.458046,0.458046,0.105562,0.360967,0.458046,0.458046,0.157154,0.16911,0.458046,0.458046,0.341848,0.458046,0.458046,0.28222,0.169961,0.0731837,0.458046,0.1646,0.458046,0.433928,0.458046,0.266287,0.458046,0.213916,0.380628,0.458046,0.458046,0.356334,0.197901,0.458046,0.0182512,0.114529,0.458046,0.382413,0.331292,0.458046,0.393451,0.458046,0.129609,0.458046,0.35206,0.458046,0.458046,0.458046,0.435375,0.349157,0.458046,0.458046,0.458046,0.458046,0.314608,0.125922,0.133293,0.126031,0.458046,0.458046,0.234676,0.458046,0.458046,0.120177,0.458046,0.0602624,
0.155873,0.155873,0.155873,0.155873,0.155873,0.155873,0.155873,0.115607,0.155873,0.155873,0.0322694,0.155873,0.155873,0.0599598,0.155873,0.155873,0.155873,0.155873,0.155873,0.155873,0.155873,0.155873,0.155873,0.155873,0.155873,0.155873,0.155873,0.155873,0.155873,0.155873,0.129043,0.155873,0.155873,0.118397,0.155873,0.155873,0.155873,0.123444,0.155873,0.155873,0.105562,0.155873,0.155873,0.155873,0.155873,0.155873,0.155873,0.155873,0.155873,0.155873,0.155873,0.155873,0.155873,0.0731837,0.155873,0.155873,0.155873,0.155873,0.155873,0.155873,0.155873,0.155873,0.155873,0.155873,0.155873,0.155873,0.155873,0.155873,0.0182512,0.114529,0.155873,0.155873,0.155873,0.155873,0.155873,0.155873,0.129609,0.155873,0.155873,0.155873,0.155873,0.155873,0.155873,0.155873,0.155873,0.155873,0.155873,0.155873,0.155873,0.125922,0.133293,0.126031,0.155873,0.155873,0.155873,0.155873,0.155873,0.120177,0.155873,0.0602624,
0.596723,0.246974,0.196178,0.665973,0.623243,0.665973,0.665973,0.115607,0.665973,0.454547,0.0322694,0.665973,0.661425,0.0599598,0.279493,0.17642,0.665973,0.594159,0.665973,0.56934,0.434503,0.203158,0.272443,0.2443,0.476952,0.665973,0.21741,0.665973,0.665973,0.5734,0.129043,0.501854,0.505059,0.118397,0.665973,0.386707,0.665973,0.123444,0.648075,0.665973,0.105562,0.360967,0.665973,0.580969,0.157154,0.16911,0.665973,0.665973,0.341848,0.665973,0.665973,0.28222,0.169961,0.0731837,0.665973,0.1646,0.665973,0.433928,0.665973,0.266287,0.665973,0.213916,0.380628,0.665973,0.616563,0.356334,0.197901,0.665973,0.0182512,0.114529,0.654629,0.382413,0.331292,0.665973,0.393451,0.665973,0.129609,0.665973,0.35206,0.571891,0.665973,0.665973,0.435375,0.349157,0.665973,0.665973,0.665973,0.612058,0.314608,0.125922,0.133293,0.126031,0.665973,0.458914,0.234676,0.665973,0.665973,0.120177,0.665973,0.0602624,
0.596723,0.246974,0.196178,0.794881,0.623243,0.671648,0.794881,0.115607,0.676065,0.454547,0.0322694,0.794881,0.661425,0.0599598,0.279493,0.17642,0.794881,0.594159,0.690932,0.56934,0.434503,0.203158,0.272443,0.2443,0.476952,0.794881,0.21741,0.782475,0.794881,0.5734,0.129043,0.501854,0.505059,0.118397,0.668904,0.386707,0.794881,0.123444,0.648075,0.794881,0.105562,0.360967,0.719204,0.580969,0.157154,0.16911,0.671352,0.794881,0.341848,0.699639,0.791982,0.28222,0.169961,0.0731837,0.750171,0.1646,0.773202,0.433928,0.794881,0.266287,0.79278,0.213916,0.380628,0.794881,0.616563,0.356334,0.197901,0.79114,0.0182512,0.114529,0.654629,0.382413,0.331292,0.794881,0.393451,0.794881,0.129609,0.794881,0.35206,0.571891,0.794881,0.794881,0.435375,0.349157,0.794881,0.74458,0.776418,0.612058,0.314608,0.125922,0.133293,0.126031,0.750525,0.458914,0.234676,0.683946,0.794881,0.120177,0.794881,0.0602624,
0.288654,0.246974,0.196178,0.288654,0.288654,0.288654,0.288654,0.115607,0.288654,0.288654,0.0322694,0.288654,0.288654,0.0599598,0.279493,0.17642,0.288654,0.288654,0.288654,0.288654,0.288654,0.203158,0.272443,0.2443,0.288654,0.288654,0.21741,0.288654,0.288654,0.288654,0.129043,0.288654,0.288654,0.118397,0.288654,0.288654,0.288654,0.123444,0.288654,0.288654,0.105562,0.288654,0.288654,0.288654,0.157154,0.16911,0.288654,0.288654,0.288654,0.288654,0.288654,0.28222,0.169961,0.0731837,0.288654,0.1646,0.288654,0.288654,0.288654,0.266287,0.288654,0.213916,0.288654,0.288654,0.288654,0.288654,0.197901,0.288654,0.0182512,0.114529,0.288654,0.288654,0.288654,0.288654,0.288654,0.288654,0.129609,0.288654,0.288654,0.288654,0.288654,0.288654,0.288654,0.288654,0.288654,0.288654,0.288654,0.288654,0.288654,0.125922,0.133293,0.126031,0.288654,0.288654,0.234676,0.288654,0.288654,0.120177,0.288654,0.0602624,
0.320611,0.246974,0.196178,0.320611,0.320611,0.320611,0.320611,0.115607,0.320611,0.320611,0.0322694,0.320611,0.320611,0.0599598,0.279493,0.17642,0.320611,0.320611,0.320611,0.320611,0.320611,0.203158,0.272443,0.2443,0.320611,0.320611,0.21741,0.320611,0.320611,0.320611,0.129043,0.320611,0.320611,0.118397,0.320611,0.320611,0.320611,0.123444,0.320611,0.320611,0.105562,0.320611,0.320611,0.320611,0.157154,0.16911,0.320611,0.320611,0.320611,0.320611,0.320611,0.28222,0.169961,0.0731837,0.320611,0.1646,0.320611,0.320611,0.320611,0.266287,0.320611,0.213916,0.320611,0.320611,0.320611,0.320611,0.197901,0.320611,0.0182512,0.114529,0.320611,0.320611,0.320611,0.320611,0.320611,0.320611,0.129609,0.320611,0.320611,0.320611,0.320611,0.320611,0.320611,0.320611,0.320611,0.320611,0.320611,0.320611,0.314608,0.125922,0.133293,0.126031,0.320611,0.320611,0.234676,0.320611,0.320611,0.120177,0.320611,0.0602624,
0.596723,0.246974,0.196178,0.719155,0.623243,0.671648,0.719155,0.115607,0.676065,0.454547,0.0322694,0.719155,0.661425,0.0599598,0.279493,0.17642,0.719155,0.594159,0.690932,0.56934,0.434503,0.203158,0.272443,0.2443,0.476952,0.719155,0.21741,0.719155,0.719155,0.5734,0.129043,0.501854,0.505059,0.118397,0.668904,0.386707,0.719155,0.123444,0.648075,0.719155,0.105562,0.360967,0.719155,0.580969,0.157154,0.16911,0.671352,0.719155,0.341848,0.699639,0.719155,0.28222,0.169961,0.0731837,0.719155,0.1646,0.719155,0.433928,0.719155,0.266287,0.719155,0.213916,0.380628,0.719155,0.616563,0.356334,0.197901,0.719155,0.0182512,0.114529,0.654629,0.382413,0.331292,0.719155,0.393451,0.719155,0.129609,0.719155,0.35206,0.571891,0.719155,0.719155,0.435375,0.349157,0.719155,0.719155,0.719155,0.612058,0.314608,0.125922,0.133293,0.126031,0.719155,0.458914,0.234676,0.683946,0.719155,0.120177,0.719155,0.0602624,
0.231895,0.231895,0.196178,0.231895,0.231895,0.231895,0.231895,0.115607,0.231895,0.231895,0.0322694,0.231895,0.231895,0.0599598,0.231895,0.17642,0.231895,0.231895,0.231895,0.231895,0.231895,0.203158,0.231895,0.231895,0.231895,0.231895,0.21741,0.231895,0.231895,0.231895,0.129043,0.231895,0.231895,0.118397,0.231895,0.231895,0.231895,0.123444,0.231895,0.231895,0.105562,0.231895,0.231895,0.231895,0.157154,0.16911,0.231895,0.231895,0.231895,0.231895,0.231895,0.231895,0.169961,0.0731837,0.231895,0.1646,0.231895,0.231895,0.231895,0.231895,0.231895,0.213916,0.231895,0.231895,0.231895,0.231895,0.197901,0.231895,0.0182512,0.114529,0.231895,0.231895,0.231895,0.231895,0.231895,0.231895,0.129609,0.231895,0.231895,0.231895,0.231895,0.231895,0.231895,0.231895,0.231895,0.231895,0.231895,0.231895,0.231895,0.125922,0.133293,0.126031,0.231895,0.231895,0.231895,0.231895,0.231895,0.120177,0.231895,0.0602624,
0.373359,0.246974,0.196178,0.373359,0.373359,0.373359,0.373359,0.115607,0.373359,0.373359,0.0322694,0.373359,0.373359,0.0599598,0.279493,0.17642,0.373359,0.373359,0.373359,0.373359,0.373359,0.203158,0.272443,0.2443,0.373359,0.373359,0.21741,0.373359,0.373359,0.373359,0.129043,0.373359,0.373359,0.118397,0.373359,0.373359,0.373359,0.123444,0.373359,0.373359,0.105562,0.360967,0.373359,0.373359,0.157154,0.16911,0.373359,0.373359,0.341848,0.373359,0.373359,0.28222,0.169961,0.0731837,0.373359,0.1646,0.373359,0.373359,0.373359,0.266287,0.373359,0.213916,0.373359,0.373359,0.373359,0.356334,0.197901,0.373359,0.0182512,0.114529,0.373359,0.373359,0.331292,0.373359,0.373359,0.373359,0.129609,0.373359,0.35206,0.373359,0.373359,0.373359,0.373359,0.349157,0.373359,0.373359,0.373359,0.373359,0.314608,0.125922,0.133293,0.126031,0.373359,0.373359,0.234676,0.373359,0.373359,0.120177,0.373359,0.0602624,
0.0738503,0.0738503,0.0738503,0.0738503,0.0738503,0.0738503,0.0738503,0.0738503,0.0738503,0.0738503,0.0322694,0.0738503,0.0738503,0.0599598,0.0738503,0.0738503,0.0738503,0.0738503,0.0738503,0.0738503,0.0738503,0.0738503,0.0738503,0.0738503,0.0738503,0.0738503,0.0738503,0.0738503,0.0738503,0.0738503,0.0738503,0.0738503,0.0738503,0.0738503,0.0738503,0.0738503,0.0738503,0.0738503,0.0738503,0.0738503,0.0738503,0.0738503,0.0738503,0.0738503,0.0738503,0.0738503,0.0738503,0.0738503,0.0738503,0.0738503,0.0738503,0.0738503,0.0738503,0.0731837,0.0738503,0.0738503,0.0738503,0.0738503,0.0738503,0.0738503,0.0738503,0.0738503,0.0738503,0.0738503,0.0738503,0.0738503,0.0738503,0.0738503,0.0182512,0.0738503,0.0738503,0.0738503,0.0738503,0.0738503,0.0738503,0.0738503,0.0738503,0.0738503,0.0738503,0.0738503,0.0738503,0.0738503,0.0738503,0.0738503,0.0738503,0.0738503,0.0738503,0.0738503,0.0738503,0.0738503,0.0738503,0.0738503,0.0738503,0.0738503,0.0738503,0.0738503,0.0738503,0.0738503,0.0738503,0.0602624,
0.566183,0.246974,0.196178,0.566183,0.566183,0.566183,0.566183,0.115607,0.566183,0.454547,0.0322694,0.566183,0.566183,0.0599598,0.279493,0.17642,0.566183,0.566183,0.566183,0.566183,0.434503,0.203158,0.272443,0.2443,0.476952,0.566183,0.21741,0.566183,0.566183,0.566183,0.129043,0.501854,0.505059,0.118397,0.566183,0.386707,0.566183,0.123444,0.566183,0.566183,0.105562,0.360967,0.566183,0.566183,0.157154,0.16911,0.566183,0.566183,0.341848,0.566183,0.566183,0.28222,0.169961,0.0731837,0.566183,0.1646,0.566183,0.433928,0.566183,0.266287,0.566183,0.213916,0.380628,0.566183,0.566183,0.356334,0.197901,0.566183,0.0182512,0.114529,0.566183,0.382413,0.331292,0.566183,0.393451,0.566183,0.129609,0.566183,0.35206,0.566183,0.566183,0.566183,0.435375,0.349157,0.566183,0.566183,0.566183,0.566183,0.314608,0.125922,0.133293,0.126031,0.566183,0.458914,0.234676,0.566183,0.566183,0.120177,0.566183,0.0602624,
0.422552,0.246974,0.196178,0.422552,0.422552,0.422552,0.422552,0.115607,0.422552,0.422552,0.0322694,0.422552,0.422552,0.0599598,0.279493,0.17642,0.422552,0.422552,0.422552,0.422552,0.422552,0.203158,0.272443,0.2443,0.422552,0.422552,0.21741,0.422552,0.422552,0.422552,0.129043,0.422552,0.422552,0.118397,0.422552,0.386707,0.422552,0.123444,0.422552,0.422552,0.105562,0.360967,0.422552,0.422552,0.157154,0.16911,0.422552,0.422552,0.341848,0.422552,0.422552,0.28222,0.169961,0.0731837,0.422552,0.1646,0.422552,0.422552,0.422552,0.266287,0.422552,0.213916,0.380628,0.422552,0.422552,0.356334,0.197901,0.422552,0.0182512,0.114529,0.422552,0.382413,0.331292,0.422552,0.393451,0.422552,0.129609,0.422552,0.35206,0.422552,0.422552,0.422552,0.422552,0.349157,0.422552,0.422552,0.422552,0.422552,0.314608,0.125922,0.133293,0.126031,0.422552,0.422552,0.234676,0.422552,0.422552,0.120177,0.422552,0.0602624,
0.293043,0.246974,0.196178,0.293043,0.293043,0.293043,0.293043,0.115607,0.293043,0.293043,0.0322694,0.293043,0.293043,0.0599598,0.279493,0.17642,0.293043,0.293043,0.293043,0.293043,0.293043,0.203158,0.272443,0.2443,0.293043,0.293043,0.21741,0.293043,0.293043,0.293043,0.129043,0.293043,0.293043,0.118397,0.293043,0.293043,0.293043,0.123444,0.293043,0.293043,0.105562,0.293043,0.293043,0.293043,0.157154,0.16911,0.293043,0.293043,0.293043,0.293043,0.293043,0.28222,0.169961,0.0731837,0.293043,0.1646,0.293043,0.293043,0.293043,0.266287,0.293043,0.213916,0.293043,0.293043,0.293043,0.293043,0.197901,0.293043,0.0182512,0.114529,0.293043,0.293043,0.293043,0.293043,0.293043,0.293043,0.129609,0.293043,0.293043,0.293043,0.293043,0.293043,0.293043,0.293043,0.293043,0.293043,0.293043,0.293043,0.293043,0.125922,0.133293,0.126031,0.293043,0.293043,0.234676,0.293043,0.293043,0.120177,0.293043,0.0602624,
0.357526,0.246974,0.196178,0.357526,0.357526,0.357526,0.357526,0.115607,0.357526,0.357526,0.0322694,0.357526,0.357526,0.0599598,0.279493,0.17642,0.357526,0.357526,0.357526,0.357526,0.357526,0.203158,0.272443,0.2443,0.357526,0.357526,0.21741,0.357526,0.357526,0.357526,0.129043,0.357526,0.357526,0.118397,0.357526,0.357526,0.357526,0.123444,0.357526,0.357526,0.105562,0.357526,0.357526,0.357526,0.157154,0.16911,0.357526,0.357526,0.341848,0.357526,0.357526,0.28222,0.169961,0.0731837,0.357526,0.1646,0.357526,0.357526,0.357526,0.266287,0.357526,0.213916,0.357526,0.357526,0.357526,0.356334,0.197901,0.357526,0.0182512,0.114529,0.357526,0.357526,0.331292,0.357526,0.357526,0.357526,0.129609,0.357526,0.35206,0.357526,0.357526,0.357526,0.357526,0.349157,0.357526,0.357526,0.357526,0.357526,0.314608,0.125922,0.133293,0.126031,0.357526,0.357526,0.234676,0.357526,0.357526,0.120177,0.357526,0.0602624,
0.589419,0.246974,0.196178,0.589419,0.589419,0.589419,0.589419,0.115607,0.589419,0.454547,0.0322694,0.589419,0.589419,0.0599598,0.279493,0.17642,0.589419,0.589419,0.589419,0.56934,0.434503,0.203158,0.272443,0.2443,0.476952,0.589419,0.21741,0.589419,0.589419,0.5734,0.129043,0.501854,0.505059,0.118397,0.589419,0.386707,0.589419,0.123444,0.589419,0.589419,0.105562,0.360967,0.589419,0.580969,0.157154,0.16911,0.589419,0.589419,0.341848,0.589419,0.589419,0.28222,0.169961,0.0731837,0.589419,0.1646,0.589419,0.433928,0.589419,0.266287,0.589419,0.213916,0.380628,0.589419,0.589419,0.356334,0.197901,0.589419,0.0182512,0.114529,0.589419,0.382413,0.331292,0.589419,0.393451,0.589419,0.129609,0.589419,0.35206,0.571891,0.589419,0.589419,0.435375,0.349157,0.589419,0.589419,0.589419,0.589419,0.314608,0.125922,0.133293,0.126031,0.589419,0.458914,0.234676,0.589419,0.589419,0.120177,0.589419,0.0602624,
0.463059,0.246974,0.196178,0.463059,0.463059,0.463059,0.463059,0.115607,0.463059,0.454547,0.0322694,0.463059,0.463059,0.0599598,0.279493,0.17642,0.463059,0.463059,0.463059,0.463059,0.434503,0.203158,0.272443,0.2443,0.463059,0.463059,0.21741,0.463059,0.463059,0.463059,0.129043,0.463059,0.463059,0.118397,0.463059,0.386707,0.463059,0.123444,0.463059,0.463059,0.105562,0.360967,0.463059,0.463059,0.157154,0.16911,0.463059,0.463059,0.341848,0.463059,0.463059,0.28222,0.169961,0.0731837,0.463059,0.1646,0.463059,0.433928,0.463059,0.266287,0.463059,0.213916,0.380628,0.463059,0.463059,0.356334,0.197901,0.463059,0.0182512,0.114529,0.463059,0.382413,0.331292,0.463059,0.393451,0.463059,0.129609,0.463059,0.35206,0.463059,0.463059,0.463059,0.435375,0.349157,0.463059,0.463059,0.463059,0.463059,0.314608,0.125922,0.133293,0.126031,0.463059,0.458914,0.234676,0.463059,0.463059,0.120177,0.463059,0.0602624,
0.596723,0.246974,0.196178,0.835997,0.623243,0.671648,0.871284,0.115607,0.676065,0.454547,0.0322694,0.855082,0.661425,0.0599598,0.279493,0.17642,0.897245,0.594159,0.690932,0.56934,0.434503,0.203158,0.272443,0.2443,0.476952,0.944452,0.21741,0.782475,0.944452,0.5734,0.129043,0.501854,0.505059,0.118397,0.668904,0.386707,0.831097,0.123444,0.648075,0.848695,0.105562,0.360967,0.719204,0.580969,0.157154,0.16911,0.671352,0.88651,0.341848,0.699639,0.791982,0.28222,0.169961,0.0731837,0.750171,0.1646,0.773202,0.433928,0.929321,0.266287,0.79278,0.213916,0.380628,0.928528,0.616563,0.356334,0.197901,0.79114,0.0182512,0.114529,0.654629,0.382413,0.331292,0.914368,0.393451,0.831551,0.129609,0.94207,0.35206,0.571891,0.844201,0.817317,0.435375,0.349157,0.919119,0.74458,0.776418,0.612058,0.314608,0.125922,0.133293,0.126031,0.750525,0.458914,0.234676,0.683946,0.854236,0.120177,0.944193,0.0602624,
0.0504816,0.0504816,0.0504816,0.0504816,0.0504816,0.0504816,0.0504816,0.0504816,0.0504816,0.0504816,0.0322694,0.0504816,0.0504816,0.0504816,0.0504816,0.0504816,0.0504816,0.0504816,0.0504816,0.0504816,0.0504816,0.0504816,0.0504816,0.0504816,0.0504816,0.0504816,0.0504816,0.0504816,0.0504816,0.0504816,0.0504816,0.0504816,0.0504816,0.0504816,0.0504816,0.0504816,0.0504816,0.0504816,0.0504816,0.0504816,0.0504816,0.0504816,0.0504816,0.0504816,0.0504816,0.0504816,0.0504816,0.0504816,0.0504816,0.0504816,0.0504816,0.0504816,0.0504816,0.0504816,0.0504816,0.0504816,0.0504816,0.0504816,0.0504816,0.0504816,0.0504816,0.0504816,0.0504816,0.0504816,0.0504816,0.0504816,0.0504816,0.0504816,0.0182512,0.0504816,0.0504816,0.0504816,0.0504816,0.0504816,0.0504816,0.0504816,0.0504816,0.0504816,0.0504816,0.0504816,0.0504816,0.0504816,0.0504816,0.0504816,0.0504816,0.0504816,0.0504816,0.0504816,0.0504816,0.0504816,0.0504816,0.0504816,0.0504816,0.0504816,0.0504816,0.0504816,0.0504816,0.0504816,0.0504816,0.0504816,
0.595927,0.246974,0.196178,0.595927,0.595927,0.595927,0.595927,0.115607,0.595927,0.454547,0.0322694,0.595927,0.595927,0.0599598,0.279493,0.17642,0.595927,0.594159,0.595927,0.56934,0.434503,0.203158,0.272443,0.2443,0.476952,0.595927,0.21741,0.595927,0.595927,0.5734,0.129043,0.501854,0.505059,0.118397,0.595927,0.386707,0.595927,0.123444,0.595927,0.595927,0.105562,0.360967,0.595927,0.580969,0.157154,0.16911,0.595927,0.595927,0.341848,0.595927,0.595927,0.28222,0.169961,0.0731837,0.595927,0.1646,0.595927,0.433928,0.595927,0.266287,0.595927,0.213916,0.380628,0.595927,0.595927,0.356334,0.197901,0.595927,0.0182512,0.114529,0.595927,0.382413,0.331292,0.595927,0.393451,0.595927,0.129609,0.595927,0.35206,0.571891,0.595927,0.595927,0.435375,0.349157,0.595927,0.595927,0.595927,0.595927,0.314608,0.125922,0.133293,0.126031,0.595927,0.458914,0.234676,0.595927,0.595927,0.120177,0.595927,0.0602624,
0.596723,0.246974,0.196178,0.835997,0.623243,0.671648,0.864172,0.115607,0.676065,0.454547,0.0322694,0.855082,0.661425,0.0599598,0.279493,0.17642,0.864172,0.594159,0.690932,0.56934,0.434503,0.203158,0.272443,0.2443,0.476952,0.864172,0.21741,0.782475,0.864172,0.5734,0.129043,0.501854,0.505059,0.118397,0.668904,0.386707,0.831097,0.123444,0.648075,0.848695,0.105562,0.360967,0.719204,0.580969,0.157154,0.16911,0.671352,0.864172,0.341848,0.699639,0.791982,0.28222,0.169961,0.0731837,0.750171,0.1646,0.773202,0.433928,0.864172,0.266287,0.79278,0.213916,0.380628,0.864172,0.616563,0.356334,0.197901,0.79114,0.0182512,0.114529,0.654629,0.382413,0.331292,0.864172,0.393451,0.831551,0.129609,0.864172,0.35206,0.571891,0.844201,0.817317,0.435375,0.349157,0.864172,0.74458,0.776418,0.612058,0.314608,0.125922,0.133293,0.126031,0.750525,0.458914,0.234676,0.683946,0.854236,0.120177,0.864172,0.0602624,
0.104579,0.104579,0.104579,0.104579,0.104579,0.104579,0.104579,0.104579,0.104579,0.104579,0.0322694,0.104579,0.104579,0.0599598,0.104579,0.104579,0.104579,0.104579,0.104579,0.104579,0.104579,0.104579,0.104579,0.104579,0.104579,0.104579,0.104579,0.104579,0.104579,0.104579,0.104579,0.104579,0.104579,0.104579,0.104579,0.104579,0.104579,0.104579,0.104579,0.104579,0.104579,0.104579,0.104579,0.104579,0.104579,0.104579,0.104579,0.104579,0.104579,0.104579,0.104579,0.104579,0.104579,0.0731837,0.104579,0.104579,0.104579,0.104579,0.104579,0.104579,0.104579,0.104579,0.104579,0.104579,0.104579,0.104579,0.104579,0.104579,0.0182512,0.104579,0.104579,0.104579,0.104579,0.104579,0.104579,0.104579,0.104579,0.104579,0.104579,0.104579,0.104579,0.104579,0.104579,0.104579,0.104579,0.104579,0.104579,0.104579,0.104579,0.104579,0.104579,0.104579,0.104579,0.104579,0.104579,0.104579,0.104579,0.104579,0.104579,0.0602624,
0.596723,0.246974,0.196178,0.833378,0.623243,0.671648,0.833378,0.115607,0.676065,0.454547,0.0322694,0.833378,0.661425,0.0599598,0.279493,0.17642,0.833378,0.594159,0.690932,0.56934,0.434503,0.203158,0.272443,0.2443,0.476952,0.833378,0.21741,0.782475,0.833378,0.5734,0.129043,0.501854,0.505059,0.118397,0.668904,0.386707,0.831097,0.123444,0.648075,0.833378,0.105562,0.360967,0.719204,0.580969,0.157154,0.16911,0.671352,0.833378,0.341848,0.699639,0.791982,0.28222,0.169961,0.0731837,0.750171,0.1646,0.773202,0.433928,0.833378,0.266287,0.79278,0.213916,0.380628,0.833378,0.616563,0.356334,0.197901,0.79114,0.0182512,0.114529,0.654629,0.382413,0.331292,0.833378,0.393451,0.831551,0.129609,0.833378,0.35206,0.571891,0.833378,0.817317,0.435375,0.349157,0.833378,0.74458,0.776418,0.612058,0.314608,0.125922,0.133293,0.126031,0.750525,0.458914,0.234676,0.683946,0.833378,0.120177,0.833378,0.0602624,
0.596723,0.246974,0.196178,0.658594,0.623243,0.658594,0.658594,0.115607,0.658594,0.454547,0.0322694,0.658594,0.658594,0.0599598,0.279493,0.17642,0.658594,0.594159,0.658594,0.56934,0.434503,0.203158,0.272443,0.2443,0.476952,0.658594,0.21741,0.658594,0.658594,0.5734,0.129043,0.501854,0.505059,0.118397,0.658594,0.386707,0.658594,0.123444,0.648075,0.658594,0.105562,0.360967,0.658594,0.580969,0.157154,0.16911,0.658594,0.658594,0.341848,0.658594,0.658594,0.28222,0.169961,0.0731837,0.658594,0.1646,0.658594,0.433928,0.658594,0.266287,0.658594,0.213916,0.380628,0.658594,0.616563,0.356334,0.197901,0.658594,0.0182512,0.114529,0.654629,0.382413,0.331292,0.658594,0.393451,0.658594,0.129609,0.658594,0.35206,0.571891,0.658594,0.658594,0.435375,0.349157,0.658594,0.658594,0.658594,0.612058,0.314608,0.125922,0.133293,0.126031,0.658594,0.458914,0.234676,0.658594,0.658594,0.120177,0.658594,0.0602624,
0.018916,0.018916,0.018916,0.018916,0.018916,0.018916,0.018916,0.018916,0.018916,0.018916,0.018916,0.018916,0.018916,0.018916,0.018916,0.018916,0.018916,0.018916,0.018916,0.018916,0.018916,0.018916,0.018916,0.018916,0.018916,0.018916,0.018916,0.018916,0.018916,0.018916,0.018916,0.018916,0.018916,0.018916,0.018916,0.018916,0.018916,0.018916,0.018916,0.018916,0.018916,0.018916,0.018916,0.018916,0.018916,0.018916,0.018916,0.018916,0.018916,0.018916,0.018916,0.018916,0.018916,0.018916,0.018916,0.018916,0.018916,0.018916,0.018916,0.018916,0.018916,0.018916,0.018916,0.018916,0.018916,0.018916,0.018916,0.018916,0.0182512,0.018916,0.018916,0.018916,0.018916,0.018916,0.018916,0.018916,0.018916,0.018916,0.018916,0.018916,0.018916,0.018916,0.018916,0.018916,0.018916,0.018916,0.018916,0.018916,0.018916,0.018916,0.018916,0.018916,0.018916,0.018916,0.018916,0.018916,0.018916,0.018916,0.018916,0.018916,
0.194679,0.194679,0.194679,0.194679,0.194679,0.194679,0.194679,0.115607,0.194679,0.194679,0.0322694,0.194679,0.194679,0.0599598,0.194679,0.17642,0.194679,0.194679,0.194679,0.194679,0.194679,0.194679,0.194679,0.194679,0.194679,0.194679,0.194679,0.194679,0.194679,0.194679,0.129043,0.194679,0.194679,0.118397,0.194679,0.194679,0.194679,0.123444,0.194679,0.194679,0.105562,0.194679,0.194679,0.194679,0.157154,0.16911,0.194679,0.194679,0.194679,0.194679,0.194679,0.194679,0.169961,0.0731837,0.194679,0.1646,0.194679,0.194679,0.194679,0.194679,0.194679,0.194679,0.194679,0.194679,0.194679,0.194679,0.194679,0.194679,0.0182512,0.114529,0.194679,0.194679,0.194679,0.194679,0.194679,0.194679,0.129609,0.194679,0.194679,0.194679,0.194679,0.194679,0.194679,0.194679,0.194679,0.194679,0.194679,0.194679,0.194679,0.125922,0.133293,0.126031,0.194679,0.194679,0.194679,0.194679,0.194679,0.120177,0.194679,0.0602624,
0.523072,0.246974,0.196178,0.523072,0.523072,0.523072,0.523072,0.115607,0.523072,0.454547,0.0322694,0.523072,0.523072,0.0599598,0.279493,0.17642,0.523072,0.523072,0.523072,0.523072,0.434503,0.203158,0.272443,0.2443,0.476952,0.523072,0.21741,0.523072,0.523072,0.523072,0.129043,0.501854,0.505059,0.118397,0.523072,0.386707,0.523072,0.123444,0.523072,0.523072,0.105562,0.360967,0.523072,0.523072,0.157154,0.16911,0.523072,0.523072,0.341848,0.523072,0.523072,0.28222,0.169961,0.0731837,0.523072,0.1646,0.523072,0.433928,0.523072,0.266287,0.523072,0.213916,0.380628,0.523072,0.523072,0.356334,0.197901,0.523072,0.0182512,0.114529,0.523072,0.382413,0.331292,0.523072,0.393451,0.523072,0.129609,0.523072,0.35206,0.523072,0.523072,0.523072,0.435375,0.349157,0.523072,0.523072,0.523072,0.523072,0.314608,0.125922,0.133293,0.126031,0.523072,0.458914,0.234676,0.523072,0.523072,0.120177,0.523072,0.0602624,
0.596723,0.246974,0.196178,0.719795,0.623243,0.671648,0.719795,0.115607,0.676065,0.454547,0.0322694,0.719795,0.661425,0.0599598,0.279493,0.17642,0.719795,0.594159,0.690932,0.56934,0.434503,0.203158,0.272443,0.2443,0.476952,0.719795,0.21741,0.719795,0.719795,0.5734,0.129043,0.501854,0.505059,0.118397,0.668904,0.386707,0.719795,0.123444,0.648075,0.719795,0.105562,0.360967,0.719204,0.580969,0.157154,0.16911,0.671352,0.719795,0.341848,0.699639,0.719795,0.28222,0.169961,0.0731837,0.719795,0.1646,0.719795,0.433928,0.719795,0.266287,0.719795,0.213916,0.380628,0.719795,0.616563,0.356334,0.197901,0.719795,0.0182512,0.114529,0.654629,0.382413,0.331292,0.719795,0.393451,0.719795,0.129609,0.719795,0.35206,0.571891,0.719795,0.719795,0.435375,0.349157,0.719795,0.719795,0.719795,0.612058,0.314608,0.125922,0.133293,0.126031,0.719795,0.458914,0.234676,0.683946,0.719795,0.120177,0.719795,0.0602624,
0.596723,0.246974,0.196178,0.835997,0.623243,0.671648,0.837082,0.115607,0.676065,0.454547,0.0322694,0.837082,0.661425,0.0599598,0.279493,0.17642,0.837082,0.594159,0.690932,0.56934,0.434503,0.203158,0.272443,0.2443,0.476952,0.837082,0.21741,0.782475,0.837082,0.5734,0.129043,0.501854,0.505059,0.118397,0.668904,0.386707,0.831097,0.123444,0.648075,0.837082,0.105562,0.360967,0.719204,0.580969,0.157154,0.16911,0.671352,0.837082,0.341848,0.699639,0.791982,0.28222,0.169961,0.0731837,0.750171,0.1646,0.773202,0.433928,0.837082,0.266287,0.79278,0.213916,0.380628,0.837082,0.616563,0.356334,0.197901,0.79114,0.0182512,0.114529,0.654629,0.382413,0.331292,0.837082,0.393451,0.831551,0.129609,0.837082,0.35206,0.571891,0.837082,0.817317,0.435375,0.349157,0.837082,0.74458,0.776418,0.612058,0.314608,0.125922,0.133293,0.126031,0.750525,0.458914,0.234676,0.683946,0.837082,0.120177,0.837082,0.0602624,
0.596723,0.246974,0.196178,0.659888,0.623243,0.659888,0.659888,0.115607,0.659888,0.454547,0.0322694,0.659888,0.659888,0.0599598,0.279493,0.17642,0.659888,0.594159,0.659888,0.56934,0.434503,0.203158,0.272443,0.2443,0.476952,0.659888,0.21741,0.659888,0.659888,0.5734,0.129043,0.501854,0.505059,0.118397,0.659888,0.386707,0.659888,0.123444,0.648075,0.659888,0.105562,0.360967,0.659888,0.580969,0.157154,0.16911,0.659888,0.659888,0.341848,0.659888,0.659888,0.28222,0.169961,0.0731837,0.659888,0.1646,0.659888,0.433928,0.659888,0.266287,0.659888,0.213916,0.380628,0.659888,0.616563,0.356334,0.197901,0.659888,0.0182512,0.114529,0.654629,0.382413,0.331292,0.659888,0.393451,0.659888,0.129609,0.659888,0.35206,0.571891,0.659888,0.659888,0.435375,0.349157,0.659888,0.659888,0.659888,0.612058,0.314608,0.125922,0.133293,0.126031,0.659888,0.458914,0.234676,0.659888,0.659888,0.120177,0.659888,0.0602624,
0.596723,0.246974,0.196178,0.643027,0.623243,0.643027,0.643027,0.115607,0.643027,0.454547,0.0322694,0.643027,0.643027,0.0599598,0.279493,0.17642,0.643027,0.594159,0.643027,0.56934,0.434503,0.203158,0.272443,0.2443,0.476952,0.643027,0.21741,0.643027,0.643027,0.5734,0.129043,0.501854,0.505059,0.118397,0.643027,0.386707,0.643027,0.123444,0.643027,0.643027,0.105562,0.360967,0.643027,0.580969,0.157154,0.16911,0.643027,0.643027,0.341848,0.643027,0.643027,0.28222,0.169961,0.0731837,0.643027,0.1646,0.643027,0.433928,0.643027,0.266287,0.643027,0.213916,0.380628,0.643027,0.616563,0.356334,0.197901,0.643027,0.0182512,0.114529,0.643027,0.382413,0.331292,0.643027,0.393451,0.643027,0.129609,0.643027,0.35206,0.571891,0.643027,0.643027,0.435375,0.349157,0.643027,0.643027,0.643027,0.612058,0.314608,0.125922,0.133293,0.126031,0.643027,0.458914,0.234676,0.643027,0.643027,0.120177,0.643027,0.0602624,
0.534876,0.246974,0.196178,0.534876,0.534876,0.534876,0.534876,0.115607,0.534876,0.454547,0.0322694,0.534876,0.534876,0.0599598,0.279493,0.17642,0.534876,0.534876,0.534876,0.534876,0.434503,0.203158,0.272443,0.2443,0.476952,0.534876,0.21741,0.534876,0.534876,0.534876,0.129043,0.501854,0.505059,0.118397,0.534876,0.386707,0.534876,0.123444,0.534876,0.534876,0.105562,0.360967,0.534876,0.534876,0.157154,0.16911,0.534876,0.534876,0.341848,0.534876,0.534876,0.28222,0.169961,0.0731837,0.534876,0.1646,0.534876,0.433928,0.534876,0.266287,0.534876,0.213916,0.380628,0.534876,0.534876,0.356334,0.197901,0.534876,0.0182512,0.114529,0.534876,0.382413,0.331292,0.534876,0.393451,0.534876,0.129609,0.534876,0.35206,0.534876,0.534876,0.534876,0.435375,0.349157,0.534876,0.534876,0.534876,0.534876,0.314608,0.125922,0.133293,0.126031,0.534876,0.458914,0.234676,0.534876,0.534876,0.120177,0.534876,0.0602624,
0.323429,0.246974,0.196178,0.323429,0.323429,0.323429,0.323429,0.115607,0.323429,0.323429,0.0322694,0.323429,0.323429,0.0599598,0.279493,0.17642,0.323429,0.323429,0.323429,0.323429,0.323429,0.203158,0.272443,0.2443,0.323429,0.323429,0.21741,0.323429,0.323429,0.323429,0.129043,0.323429,0.323429,0.118397,0.323429,0.323429,0.323429,0.123444,0.323429,0.323429,0.105562,0.323429,0.323429,0.323429,0.157154,0.16911,0.323429,0.323429,0.323429,0.323429,0.323429,0.28222,0.169961,0.0731837,0.323429,0.1646,0.323429,0.323429,0.323429,0.266287,0.323429,0.213916,0.323429,0.323429,0.323429,0.323429,0.197901,0.323429,0.0182512,0.114529,0.323429,0.323429,0.323429,0.323429,0.323429,0.323429,0.129609,0.323429,0.323429,0.323429,0.323429,0.323429,0.323429,0.323429,0.323429,0.323429,0.323429,0.323429,0.314608,0.125922,0.133293,0.126031,0.323429,0.323429,0.234676,0.323429,0.323429,0.120177,0.323429,0.0602624,
0.44237,0.246974,0.196178,0.44237,0.44237,0.44237,0.44237,0.115607,0.44237,0.44237,0.0322694,0.44237,0.44237,0.0599598,0.279493,0.17642,0.44237,0.44237,0.44237,0.44237,0.434503,0.203158,0.272443,0.2443,0.44237,0.44237,0.21741,0.44237,0.44237,0.44237,0.129043,0.44237,0.44237,0.118397,0.44237,0.386707,0.44237,0.123444,0.44237,0.44237,0.105562,0.360967,0.44237,0.44237,0.157154,0.16911,0.44237,0.44237,0.341848,0.44237,0.44237,0.28222,0.169961,0.0731837,0.44237,0.1646,0.44237,0.433928,0.44237,0.266287,0.44237,0.213916,0.380628,0.44237,0.44237,0.356334,0.197901,0.44237,0.0182512,0.114529,0.44237,0.382413,0.331292,0.44237,0.393451,0.44237,0.129609,0.44237,0.35206,0.44237,0.44237,0.44237,0.435375,0.349157,0.44237,0.44237,0.44237,0.44237,0.314608,0.125922,0.133293,0.126031,0.44237,0.44237,0.234676,0.44237,0.44237,0.120177,0.44237,0.0602624,
0.276668,0.246974,0.196178,0.276668,0.276668,0.276668,0.276668,0.115607,0.276668,0.276668,0.0322694,0.276668,0.276668,0.0599598,0.276668,0.17642,0.276668,0.276668,0.276668,0.276668,0.276668,0.203158,0.272443,0.2443,0.276668,0.276668,0.21741,0.276668,0.276668,0.276668,0.129043,0.276668,0.276668,0.118397,0.276668,0.276668,0.276668,0.123444,0.276668,0.276668,0.105562,0.276668,0.276668,0.276668,0.157154,0.16911,0.276668,0.276668,0.276668,0.276668,0.276668,0.276668,0.169961,0.0731837,0.276668,0.1646,0.276668,0.276668,0.276668,0.266287,0.276668,0.213916,0.276668,0.276668,0.276668,0.276668,0.197901,0.276668,0.0182512,0.114529,0.276668,0.276668,0.276668,0.276668,0.276668,0.276668,0.129609,0.276668,0.276668,0.276668,0.276668,0.276668,0.276668,0.276668,0.276668,0.276668,0.276668,0.276668,0.276668,0.125922,0.133293,0.126031,0.276668,0.276668,0.234676,0.276668,0.276668,0.120177,0.276668,0.0602624,
0.117238,0.117238,0.117238,0.117238,0.117238,0.117238,0.117238,0.115607,0.117238,0.117238,0.0322694,0.117238,0.117238,0.0599598,0.117238,0.117238,0.117238,0.117238,0.117238,0.117238,0.117238,0.117238,0.117238,0.117238,0.117238,0.117238,0.117238,0.117238,0.117238,0.117238,0.117238,0.117238,0.117238,0.117238,0.117238,0.117238,0.117238,0.117238,0.117238,0.117238,0.105562,0.117238,0.117238,0.117238,0.117238,0.117238,0.117238,0.117238,0.117238,0.117238,0.117238,0.117238,0.117238,0.0731837,0.117238,0.117238,0.117238,0.117238,0.117238,0.117238,0.117238,0.117238,0.117238,0.117238,0.117238,0.117238,0.117238,0.117238,0.0182512,0.114529,0.117238,0.117238,0.117238,0.117238,0.117238,0.117238,0.117238,0.117238,0.117238,0.117238,0.117238,0.117238,0.117238,0.117238,0.117238,0.117238,0.117238,0.117238,0.117238,0.117238,0.117238,0.117238,0.117238,0.117238,0.117238,0.117238,0.117238,0.117238,0.117238,0.0602624,
0.596723,0.246974,0.196178,0.835997,0.623243,0.671648,0.836375,0.115607,0.676065,0.454547,0.0322694,0.836375,0.661425,0.0599598,0.279493,0.17642,0.836375,0.594159,0.690932,0.56934,0.434503,0.203158,0.272443,0.2443,0.476952,0.836375,0.21741,0.782475,0.836375,0.5734,0.129043,0.501854,0.505059,0.118397,0.668904,0.386707,0.831097,0.123444,0.648075,0.836375,0.105562,0.360967,0.719204,0.580969,0.157154,0.16911,0.671352,0.836375,0.341848,0.699639,0.791982,0.28222,0.169961,0.0731837,0.750171,0.1646,0.773202,0.433928,0.836375,0.266287,0.79278,0.213916,0.380628,0.836375,0.616563,0.356334,0.197901,0.79114,0.0182512,0.114529,0.654629,0.382413,0.331292,0.836375,0.393451,0.831551,0.129609,0.836375,0.35206,0.571891,0.836375,0.817317,0.435375,0.349157,0.836375,0.74458,0.776418,0.612058,0.314608,0.125922,0.133293,0.126031,0.750525,0.458914,0.234676,0.683946,0.836375,0.120177,0.836375,0.0602624,
0.332928,0.246974,0.196178,0.332928,0.332928,0.332928,0.332928,0.115607,0.332928,0.332928,0.0322694,0.332928,0.332928,0.0599598,0.279493,0.17642,0.332928,0.332928,0.332928,0.332928,0.332928,0.203158,0.272443,0.2443,0.332928,0.332928,0.21741,0.332928,0.332928,0.332928,0.129043,0.332928,0.332928,0.118397,0.332928,0.332928,0.332928,0.123444,0.332928,0.332928,0.105562,0.332928,0.332928,0.332928,0.157154,0.16911,0.332928,0.332928,0.332928,0.332928,0.332928,0.28222,0.169961,0.0731837,0.332928,0.1646,0.332928,0.332928,0.332928,0.266287,0.332928,0.213916,0.332928,0.332928,0.332928,0.332928,0.197901,0.332928,0.0182512,0.114529,0.332928,0.332928,0.331292,0.332928,0.332928,0.332928,0.129609,0.332928,0.332928,0.332928,0.332928,0.332928,0.332928,0.332928,0.332928,0.332928,0.332928,0.332928,0.314608,0.125922,0.133293,0.126031,0.332928,0.332928,0.234676,0.332928,0.332928,0.120177,0.332928,0.0602624,
0.535956,0.246974,0.196178,0.535956,0.535956,0.535956,0.535956,0.115607,0.535956,0.454547,0.0322694,0.535956,0.535956,0.0599598,0.279493,0.17642,0.535956,0.535956,0.535956,0.535956,0.434503,0.203158,0.272443,0.2443,0.476952,0.535956,0.21741,0.535956,0.535956,0.535956,0.129043,0.501854,0.505059,0.118397,0.535956,0.386707,0.535956,0.123444,0.535956,0.535956,0.105562,0.360967,0.535956,0.535956,0.157154,0.16911,0.535956,0.535956,0.341848,0.535956,0.535956,0.28222,0.169961,0.0731837,0.535956,0.1646,0.535956,0.433928,0.535956,0.266287,0.535956,0.213916,0.380628,0.535956,0.535956,0.356334,0.197901,0.535956,0.0182512,0.114529,0.535956,0.382413,0.331292,0.535956,0.393451,0.535956,0.129609,0.535956,0.35206,0.535956,0.535956,0.535956,0.435375,0.349157,0.535956,0.535956,0.535956,0.535956,0.314608,0.125922,0.133293,0.126031,0.535956,0.458914,0.234676,0.535956,0.535956,0.120177,0.535956,0.0602624,
0.596723,0.246974,0.196178,0.835997,0.623243,0.671648,0.871284,0.115607,0.676065,0.454547,0.0322694,0.855082,0.661425,0.0599598,0.279493,0.17642,0.897245,0.594159,0.690932,0.56934,0.434503,0.203158,0.272443,0.2443,0.476952,0.92989,0.21741,0.782475,0.92989,0.5734,0.129043,0.501854,0.505059,0.118397,0.668904,0.386707,0.831097,0.123444,0.648075,0.848695,0.105562,0.360967,0.719204,0.580969,0.157154,0.16911,0.671352,0.88651,0.341848,0.699639,0.791982,0.28222,0.169961,0.0731837,0.750171,0.1646,0.773202,0.433928,0.929321,0.266287,0.79278,0.213916,0.380628,0.928528,0.616563,0.356334,0.197901,0.79114,0.0182512,0.114529,0.654629,0.382413,0.331292,0.914368,0.393451,0.831551,0.129609,0.92989,0.35206,0.571891,0.844201,0.817317,0.435375,0.349157,0.919119,0.74458,0.776418,0.612058,0.314608,0.125922,0.133293,0.126031,0.750525,0.458914,0.234676,0.683946,0.854236,0.120177,0.92989,0.0602624,
0.243229,0.243229,0.196178,0.243229,0.243229,0.243229,0.243229,0.115607,0.243229,0.243229,0.0322694,0.243229,0.243229,0.0599598,0.243229,0.17642,0.243229,0.243229,0.243229,0.243229,0.243229,0.203158,0.243229,0.243229,0.243229,0.243229,0.21741,0.243229,0.243229,0.243229,0.129043,0.243229,0.243229,0.118397,0.243229,0.243229,0.243229,0.123444,0.243229,0.243229,0.105562,0.243229,0.243229,0.243229,0.157154,0.16911,0.243229,0.243229,0.243229,0.243229,0.243229,0.243229,0.169961,0.0731837,0.243229,0.1646,0.243229,0.243229,0.243229,0.243229,0.243229,0.213916,0.243229,0.243229,0.243229,0.243229,0.197901,0.243229,0.0182512,0.114529,0.243229,0.243229,0.243229,0.243229,0.243229,0.243229,0.129609,0.243229,0.243229,0.243229,0.243229,0.243229,0.243229,0.243229,0.243229,0.243229,0.243229,0.243229,0.243229,0.125922,0.133293,0.126031,0.243229,0.243229,0.234676,0.243229,0.243229,0.120177,0.243229,0.0602624,
