width,noise,instance number, greedy mean,greedy stdev,pagerank value,regret value,optimal value
100,0,0,41.46,0.935882,42.3158,48.4085,48.4085
100,0,1,37.64,1.00565,37.2178,44.3979,44.3979
100,0,2,34.59,0.971573,35.1697,42.1351,42.1351
100,0,3,42.72,0.890968,43.8519,49.5269,49.5269
100,0,4,37.59,0.872486,37.7144,45.6665,45.6665
100,0,5,40.55,0.845004,42.1427,47.7213,47.7213
100,0,6,38.71,0.951476,39.0661,46.5408,46.5408
100,0,7,43.59,0.904905,43.2099,50.7962,50.7962
100,0,8,39.32,0.769576,38.5372,45.2438,45.2438
100,0,9,40.05,0.943326,41.4444,48.0557,48.0557
100,0,10,39.89,0.752928,41.1029,46.1029,46.1029
100,0,11,38.58,0.887178,37.5241,45.2139,45.2139
100,0,12,43.2,0.996495,43.518,51.4372,51.4372
100,0,13,39.47,0.914612,40.096,45.789,45.789
100,0,14,42.33,0.860928,41.6027,49.7613,49.7613
100,0,15,41.94,0.957276,41.8469,45.5343,45.5343
100,0,16,40.73,1.02321,41.2723,46.1162,46.1162
100,0,17,41.14,0.876651,40.3843,47.72,47.72
100,0,18,42.26,0.786881,43.2026,49.6327,49.6327
100,0,19,44.42,0.902198,44.3917,50.8107,50.8107
100,0.01,0,34.13,1.1439,34.49,43.0626,43.8586
100,0.01,1,39.37,1.0569,40.6071,48.2476,49.9072
100,0.01,2,37.89,0.986757,38.5235,47.5172,48.711
100,0.01,3,38.17,1.18084,37.9692,46.9365,49.0231
100,0.01,4,40.4,1.00496,41.5018,49.2926,51.329
100,0.01,5,38.64,1.01043,38.314,46.6926,49.0275
100,0.01,6,38.4,0.991463,39.0174,46.4431,47.3631
100,0.01,7,36.66,1.08756,35.8038,45.3361,46.0434
100,0.01,8,34.2,1.03764,33.5817,42.9805,44.3285
100,0.01,9,38.49,1.18274,37.2318,49.1977,50.8158
100,0.01,10,41.02,1.13973,40.5709,50.1466,51.9097
100,0.01,11,36.15,1.20193,36.8231,45.5798,46.7198
100,0.01,12,38.42,1.04205,39.1516,45.9608,46.7469
100,0.01,13,38.82,1.24679,37.7395,48.3914,50.2241
100,0.01,14,38.75,1.03595,37.405,47.3524,49.0003
100,0.01,15,39.58,1.06672,39.0313,48.6787,50.1855
100,0.01,16,36.65,1.04263,37.6392,45.8116,46.9215
100,0.01,17,40.21,1.07215,39.2676,47.1016,49.5573
100,0.01,18,40.19,0.959972,41.4011,47.9042,49.4088
100,0.01,19,38.89,1.10356,42.3806,47.5139,48.1408
100,0.02,0,36.25,0.888305,36.9825,43.9087,45.9518
100,0.02,1,38.05,1.05815,37.5585,47.3477,48.825
100,0.02,2,35.83,1.16499,38.6322,45.4046,47.0462
100,0.02,3,40.56,1.09173,40.547,48.5425,51.5598
100,0.02,4,39.02,1.03703,39.7323,46.8775,48.8044
100,0.02,5,38.75,1.05078,39.9586,47.8769,49.9949
100,0.02,6,36.94,1.01895,37.2769,44.9962,46.7155
100,0.02,7,36.01,1.07139,35.4641,44.7246,46.6732
100,0.02,8,37.68,1.12121,38.0565,44.2541,44.5344
100,0.02,9,37.11,1.12548,37.9375,45.08,46.6043
100,0.02,10,34.67,1.02016,34.6264,42.9361,44.9812
100,0.02,11,34.45,1.00493,34.0916,43.5515,45.4861
100,0.02,12,36.72,1.0939,36.774,45.2697,47.7094
100,0.02,13,37.78,1.0846,37.4207,46.9438,49.0094
100,0.02,14,34.1,1.25631,33.9433,43.2429,45.2216
100,0.02,15,37.23,0.980041,37.1522,46.6856,48.2062
100,0.02,16,34.24,1.19063,33.7068,42.8485,43.725
100,0.02,17,37.35,0.956879,39.0538,46.432,47.6405
100,0.02,18,38.03,1.03117,39.9266,46.7838,48.771
100,0.02,19,35.61,1.12057,36.0474,44.7404,46.6758
100,0.03,0,37.03,1.00833,37.2033,43.8762,46.1568
100,0.03,1,36.07,1.08931,36.6058,44.2968,46.8601
100,0.03,2,35.75,1.06938,36.789,42.2532,43.9296
100,0.03,3,36.43,1.11577,37.2869,45.5209,48.1444
100,0.03,4,38.41,1.09402,39.4344,46.7438,48.736
100,0.03,5,34.71,0.980638,37.2381,41.2895,43.5702
100,0.03,6,37.75,1.07198,38.6331,46.2827,48.3328
100,0.03,7,37.81,1.02723,37.7591,45.7356,46.8901
100,0.03,8,39.74,0.98645,39.7801,48.1751,50.0036
100,0.03,9,38.21,1.07234,38.599,45.8614,48.9609
100,0.03,10,38.07,1.21726,37.2372,46.8319,47.7422
100,0.03,11,33.4,1.24402,33.6437,42.207,43.6465
100,0.03,12,36.56,1.06235,36.7427,44.7524,47.2851
100,0.03,13,35.25,1.15599,35.0371,44.6235,47.0261
100,0.03,14,36.53,0.972866,37.8889,43.8789,44.1476
100,0.03,15,34.42,1.06015,34.1323,44.596,46.1351
100,0.03,16,40.21,1.12604,40.4789,47.9749,50.5079
100,0.03,17,38.17,1.18301,39.1241,45.9729,49.0949
100,0.03,18,35.98,0.992734,35.9489,44.3366,46.3346
100,0.03,19,37.28,1.08714,36.4464,46.4629,47.7818
100,0.04,0,39.06,1.18208,39.9482,46.3386,47.4955
100,0.04,1,36.94,1.03065,37.1046,45.6593,47.5395
100,0.04,2,37.64,0.953487,39.4549,44.9386,47.7247
100,0.04,3,36.39,1.05823,36.1892,43.569,45.6979
100,0.04,4,37.96,0.992048,38.5683,46.4186,48.1583
100,0.04,5,41.25,1.05133,41.4375,49.1732,51.1406
100,0.04,6,38.66,1.16741,40.7513,47.0654,49.1222
100,0.04,7,39.98,0.842421,41.0362,46.0631,47.7176
100,0.04,8,35.31,1.226,35.0243,43.7851,45.1345
100,0.04,9,35.99,1.10814,37.1276,44.307,46.5239
100,0.04,10,38,0.979331,39.4232,45.6576,47.5926
100,0.04,11,40.2,1.07176,40.0392,48.0071,50.4434
100,0.04,12,39.13,1.06716,38.9424,46.375,48.7854
100,0.04,13,34.95,1.17977,36.8751,42.6966,44.1527
100,0.04,14,34.51,1.16265,35.5526,43.0584,45.2656
100,0.04,15,36.88,1.11839,36.4982,45.5133,47.9517
100,0.04,16,40.33,1.08796,39.575,46.7246,49.6068
100,0.04,17,33.08,1.20015,32.1171,41.8831,43.3821
100,0.04,18,36.63,1.1145,37.8928,44.4576,46.659
100,0.04,19,37.96,0.997428,37.5184,45.8945,48.4409
100,0.05,0,37.63,0.972919,37.5928,45.1492,46.9697
100,0.05,1,39.75,0.951958,39.8024,47.3291,49.3093
100,0.05,2,34.72,1.00988,33.6726,42.6789,44.523
100,0.05,3,38.67,0.99408,38.2514,46.2028,48.9986
100,0.05,4,35.94,1.06709,36.6791,44.4177,46.7609
100,0.05,5,39.46,1.09795,40.5801,48.048,50.1784
100,0.05,6,37.63,1.20126,37.9017,46.3586,48.6052
100,0.05,7,36.88,0.977852,39.0586,43.4233,45.5036
100,0.05,8,38.61,0.909039,36.9102,44.5067,46.1979
100,0.05,9,37.26,1.17697,36.5654,45.705,47.5608
100,0.05,10,36.89,1.05992,37.3954,44.1779,46.828
100,0.05,11,36.46,1.05015,36.055,45.4612,47.2146
100,0.05,12,38.76,1.06699,39.4756,46.3253,49.4745
100,0.05,13,37.63,1.13746,37.6242,45.5606,48.6131
100,0.05,14,35.78,1.11402,37.5756,43.2182,44.9939
100,0.05,15,33.68,0.98747,34.2271,41.0302,43.4601
100,0.05,16,33.85,1.13565,37.1815,40.5409,42.5892
100,0.05,17,35.79,0.991144,37.1183,43.4966,45.0727
100,0.05,18,35.71,1.00325,36.3764,43.4752,44.8887
100,0.05,19,41.17,0.944393,42.2785,48.5097,51.1426
100,0.06,0,37.23,1.05056,38.7896,44.1256,46.3738
100,0.06,1,38.48,0.95142,39.0314,46.0704,48.4256
100,0.06,2,36.66,1.23033,38.4288,45.9748,47.5131
100,0.06,3,34.93,1.17282,35.9654,43.4362,45.5834
100,0.06,4,36.92,1.12993,39.086,43.4317,44.1581
100,0.06,5,38.19,1.02189,38.1429,46.0494,48.2265
100,0.06,6,38.34,1.00288,39.1844,46.149,48.8794
100,0.06,7,38.36,1.07955,38.8478,46.666,48.4725
100,0.06,8,37.68,1.0283,39.6575,46.2393,48.5236
100,0.06,9,32.89,0.989894,33.2624,40.7821,43.3774
100,0.06,10,34.96,1.01806,34.7037,42.015,43.7609
100,0.06,11,37.14,1.04399,36.9453,44.9022,46.6469
100,0.06,12,34.77,1.01848,35.4922,43.0516,45.096
100,0.06,13,36.37,1.09441,36.7207,44.5701,46.1171
100,0.06,14,36.05,1.11317,35.5239,42.99,44.1682
100,0.06,15,35.81,0.998053,36.4564,44.5276,46.5602
100,0.06,16,38.59,1.06437,38.8409,46.0182,49.0039
100,0.06,17,38.83,1.16573,38.429,46.5041,48.5124
100,0.06,18,36.05,1.20661,34.3505,44.5346,46.6305
100,0.06,19,35.93,0.994774,37.8779,42.5528,44.7137
100,0.07,0,37.12,1.01092,38.2871,44.8189,46.8165
100,0.07,1,36.31,1.04207,38.0047,44.356,47.2294
100,0.07,2,34.31,0.983325,32.8918,41.6868,43.7724
100,0.07,3,33.79,1.05413,34.2054,41.5123,43.8123
100,0.07,4,33.43,1.1891,35.7064,41.5054,43.9723
100,0.07,5,39.37,1.06294,40.0273,47.4166,50.3048
100,0.07,6,36.78,0.976331,38.5083,44.8153,47.4077
100,0.07,7,37.31,0.945606,37.7787,44.6757,46.584
100,0.07,8,34.96,1.07928,35.9428,43.0315,45.5445
100,0.07,9,36.47,1.16547,37.029,44.4865,46.4226
100,0.07,10,34.05,0.99729,35.7182,41.3514,43.2641
100,0.07,11,39.14,0.95223,39.7053,45.7732,48.2172
100,0.07,12,34.35,1.09477,37.0235,42.6649,44.8723
100,0.07,13,36.47,1.04952,36.937,44.0297,46.805
100,0.07,14,36.15,0.963312,37.497,42.7861,44.8942
100,0.07,15,40.13,1.05086,39.6354,48.6057,50.6333
100,0.07,16,38.85,1.0243,40.7568,46.9067,49.665
100,0.07,17,37.58,0.889353,36.0293,44.3425,46.8626
100,0.07,18,36.75,1.04703,37.6423,44.323,46.7934
100,0.07,19,34.66,1.08481,36.4671,41.5633,43.7622
100,0.08,0,31.98,0.985108,32.6774,38.6587,40.5619
100,0.08,1,37.03,1.0687,36.7477,45.2171,47.6585
100,0.08,2,37.05,0.994888,38.2152,44.4693,46.11
100,0.08,3,37.59,0.984668,37.8347,45.2742,47.2554
100,0.08,4,34.4,0.981735,33.3996,41.6752,43.7076
100,0.08,5,35.68,0.990482,36.3872,42.3174,45.0093
100,0.08,6,36.4,0.997458,37.5578,43.6442,45.9476
100,0.08,7,38.19,0.951836,37.5815,45.4289,47.6214
100,0.08,8,38.64,1.0579,39.0268,47.2488,49.6246
100,0.08,9,32.01,1.07125,32.1108,39.3818,41.7379
100,0.08,10,36.81,0.919161,36.4049,44.8625,46.7561
100,0.08,11,37.09,0.995645,37.2538,44.7328,46.4821
100,0.08,12,37.4,1.02082,38.5568,45.4748,47.7857
100,0.08,13,38.47,0.979126,39.4687,46.0381,48.7743
100,0.08,14,33.4,1.03604,33.3622,40.7347,43.0698
100,0.08,15,33.86,1.01386,32.2424,41.9546,44.3071
100,0.08,16,36.88,1.00196,38.5226,44.6118,47.1462
100,0.08,17,36.9,0.985261,35.4202,44.8693,46.9614
100,0.08,18,33.46,0.938567,33.3676,40.6308,42.5008
100,0.08,19,35.44,0.923592,36.9256,42.6687,44.9036
100,0.09,0,37.57,1.00602,38.5206,44.4066,47.7683
100,0.09,1,35.53,1.13377,36.7837,43.5559,46.7281
100,0.09,2,36.02,1.11213,36.1482,42.892,45.2321
100,0.09,3,37.77,0.955767,38.222,44.8627,47.0335
100,0.09,4,35.61,0.954579,36.3556,43.8468,46.2992
100,0.09,5,35.22,1.09462,37.1472,42.9396,44.9415
100,0.09,6,34.97,0.928405,35.0845,42.5628,44.3931
100,0.09,7,36.38,0.984038,36.1125,44.0897,46.7042
100,0.09,8,33.52,0.870532,33.6502,40.7665,42.6474
100,0.09,9,35.83,1.01426,37.5733,42.7879,45.6911
100,0.09,10,35.98,0.977372,36.5035,43.3069,46.0307
100,0.09,11,35.7,1.01835,36.5436,43.9162,45.3763
100,0.09,12,35.02,1.08037,35.3643,43.3409,45.4792
100,0.09,13,33.59,1.09783,35.0154,40.4183,42.9423
100,0.09,14,35.49,0.991139,37.5383,44.0389,46.0639
100,0.09,15,35.59,1.07933,37.6366,42.9415,45.9898
100,0.09,16,35.95,1.0547,36.2085,43.5314,46.4267
100,0.09,17,35.99,0.938802,37.006,43.7703,47.0638
100,0.09,18,38.09,1.07792,38.5382,44.5422,46.5896
100,0.09,19,38.62,0.926261,39.6757,44.9622,47.5378
100,0.1,0,39.12,0.924331,40.2798,45.5029,48.1199
100,0.1,1,35.41,1.03041,34.09,42.5267,45.0238
100,0.1,2,38.05,1.02576,39.5586,44.994,47.424
100,0.1,3,39.45,1.02701,39.7582,46.2168,49.537
100,0.1,4,37.82,1.06267,38.485,45.7631,48.2811
100,0.1,5,35.72,0.959755,34.3812,43.0419,45.1203
100,0.1,6,38.31,1.06943,37.9378,44.8901,46.9216
100,0.1,7,36.92,1.0973,35.7868,43.8164,46.6278
100,0.1,8,39.94,0.995769,39.3637,47.4985,50.0615
100,0.1,9,36.41,1.00701,38.7222,42.9831,46.2933
100,0.1,10,37.59,0.968779,38.56,44.8451,47.501
100,0.1,11,40.85,1.0276,42.0526,48.3238,51.0346
100,0.1,12,36.15,1.02416,36.5293,43.2685,45.4343
100,0.1,13,35.71,1.0097,36.7612,43.1374,45.7306
100,0.1,14,34.35,1.08605,35.8368,41.8431,43.9164
100,0.1,15,39.6,0.882996,40.3691,46.5166,48.5971
100,0.1,16,35.76,1.13053,36.6013,42.6797,44.7666
100,0.1,17,34.48,1.04157,34.8921,41.7161,43.9702
100,0.1,18,41.45,1.01921,41.9093,47.9081,50.6349
100,0.1,19,38.96,1.03493,38.0804,46.8814,48.7993
100,0.11,0,37.36,1.0113,37.9944,44.5507,47.1049
100,0.11,1,37.9,0.976873,38.2456,44.8046,47.4475
100,0.11,2,40.11,0.909882,39.9623,46.0964,48.4645
100,0.11,3,38.05,1.08631,39.6719,44.8008,47.5498
100,0.11,4,38.01,1.00828,39.3475,45.382,47.9862
100,0.11,5,36.78,0.918548,37.4419,43.8866,45.8986
100,0.11,6,38.64,1.03628,38.2803,45.6843,48.2957
100,0.11,7,35.4,0.905028,35.9483,42.8813,44.8641
100,0.11,8,35.81,1.04801,35.9148,43.9751,45.9966
100,0.11,9,40.94,0.910485,42.0135,47.9046,50.0839
100,0.11,10,40.36,0.972247,39.8868,46.7028,48.5102
100,0.11,11,36.88,1.04249,38.3829,44.6506,47.3467
100,0.11,12,34.81,0.931966,35.8913,42.4999,44.8834
100,0.11,13,36.65,1.0679,36.6838,44.4162,47.5323
100,0.11,14,38.7,0.897509,39.272,45.1274,47.2264
100,0.11,15,38.22,0.89509,37.5979,44.6027,46.9734
100,0.11,16,34.86,1.02116,35.8837,41.1118,43.7164
100,0.11,17,38.76,0.976899,37.7195,45.936,49.0186
100,0.11,18,36.78,1.03576,39.661,44.3066,47.1917
100,0.11,19,37.9,1.05958,38.501,45.8409,48.2129
100,0.12,0,38.09,1.17575,38.4062,45.5056,48.1214
100,0.12,1,33.66,0.940813,33.1811,41.5176,43.6419
100,0.12,2,37.11,1.04549,37.7879,44.7187,46.9133
100,0.12,3,38.31,1.02954,38.0523,45.7659,48.6219
100,0.12,4,40.2,0.990591,39.0458,47.3589,49.744
100,0.12,5,37.64,0.989834,39.3769,45.1066,47.7972
100,0.12,6,36.54,0.961313,37.3771,44.4115,46.1299
100,0.12,7,35.66,1.11622,37.3551,42.1751,44.4782
100,0.12,8,38.32,1.02831,39.1985,45.6788,47.4213
100,0.12,9,37.87,1.0839,39.7307,46.5424,48.617
100,0.12,10,36.17,1.14204,35.9193,43.8761,46.815
100,0.12,11,38.83,1.10513,39.201,45.8187,47.8546
100,0.12,12,37.07,1.00291,37.5685,44.9969,46.3916
100,0.12,13,36.85,1.1248,37.9572,44.3047,46.5427
100,0.12,14,36.13,0.927317,37.8903,42.7335,45.7279
100,0.12,15,39.74,0.949562,39.3287,46.5054,49.9289
100,0.12,16,37.74,0.971667,38.0108,43.7824,45.8087
100,0.12,17,36.77,1.01123,37.851,44.1441,46.8578
100,0.12,18,37.34,1.04168,37.6769,44.7475,47.2019
100,0.12,19,39.6,0.978178,40.9693,46.2257,48.9009
100,0.13,0,39.7,1.06788,39.9019,46.0707,48.9424
100,0.13,1,36.67,0.925434,37.2822,44.072,46.3673
100,0.13,2,37.54,0.956575,37.1436,44.0072,45.626
100,0.13,3,37.51,1.02914,39.0606,44.0004,46.9725
100,0.13,4,35.33,1.04869,35.6878,42.0987,44.1788
100,0.13,5,35.67,0.873411,36.021,42.2723,44.5907
100,0.13,6,36.27,1.06001,36.4644,43.1546,45.3376
100,0.13,7,34.71,0.976578,34.6053,41.263,44.4942
100,0.13,8,34.1,0.954653,33.8261,41.4531,43.3202
100,0.13,9,35.86,0.929002,35.8402,42.6755,44.9796
100,0.13,10,37.82,0.971964,39.8131,44.9199,47.141
100,0.13,11,33.97,0.819326,34.2213,40.0788,42.6158
100,0.13,12,36.95,0.984602,38.1492,43.2525,45.4742
100,0.13,13,36.95,1.01314,37.998,43.2104,44.5808
100,0.13,14,39.57,1.00911,39.6058,46.6797,48.86
100,0.13,15,37.69,0.974888,38.5541,44.6674,47.2103
100,0.13,16,35.62,1.0343,35.6292,42.7798,44.8145
100,0.13,17,35.04,0.922854,35.019,42.387,44.7607
100,0.13,18,36.74,0.924499,37.2127,44.0064,45.0038
100,0.13,19,32.98,1.0264,31.9185,40.2887,42.433
100,0.14,0,39.22,0.818527,39.677,44.4288,47.0141
100,0.14,1,37.27,0.925598,37.6191,44.152,46.8467
100,0.14,2,38.5,0.937791,39.3322,45.9528,48.0735
100,0.14,3,37.29,0.93643,36.2583,44.4681,46.8125
100,0.14,4,38.08,0.899572,38.994,45.0359,47.5976
100,0.14,5,39.04,0.944085,39.175,45.616,47.6733
100,0.14,6,36.53,0.917131,38.7445,42.9734,44.9424
100,0.14,7,36.48,1.05199,36.3483,43.8321,46.4737
100,0.14,8,37.61,0.981604,37.8911,43.8675,45.946
100,0.14,9,40.58,0.94995,40.232,46.7282,48.9983
100,0.14,10,37.01,0.928868,38.1023,43.9579,46.4483
100,0.14,11,40.05,0.981475,40.2775,46.9206,49.3993
100,0.14,12,36.92,1.04325,37.6716,44.1648,46.9074
100,0.14,13,37.22,1.00063,38.7051,44.0279,46.637
100,0.14,14,37.13,0.900804,36.2832,43.4443,45.5817
100,0.14,15,37.72,1.10109,39.6504,44.5782,47.2917
100,0.14,16,39.74,0.990893,41.6465,45.9857,48.436
100,0.14,17,35.96,1.01162,34.5849,43.2024,46.0407
100,0.14,18,38.61,0.946176,39.1156,43.8521,46.1472
100,0.14,19,39.19,1.04142,39.0366,45.9402,48.3574
100,0.15,0,37.3,1.03119,38.5101,44.3118,46.3836
100,0.15,1,37.47,1.02557,39.3952,44.1706,46.9291
100,0.15,2,39.13,1.01005,39.1058,45.3251,48.8041
100,0.15,3,35.45,0.850831,35.0425,42.0367,44.5261
100,0.15,4,37.58,1.14132,38.7999,44.0081,45.8329
100,0.15,5,37.49,1.11457,38.554,45.2452,47.4065
100,0.15,6,39.33,1.07579,39.9251,48.132,49.6904
100,0.15,7,37.27,0.95563,37.8554,44.3441,45.765
100,0.15,8,37.51,0.963991,38.6933,44.2934,45.1316
100,0.15,9,36.72,0.922597,37.5768,42.8543,45.0072
100,0.15,10,36.08,0.853741,36.8426,42.3038,45.075
100,0.15,11,36.91,0.85913,37.1827,43.9,46.1866
100,0.15,12,34.84,0.966342,35.2154,41.6792,44.1039
100,0.15,13,37.73,0.923514,37.7424,45.2293,47.4712
100,0.15,14,36.46,0.862434,36.8615,42.8114,44.9509
100,0.15,15,35.8,1.11305,35.8918,43.3391,45.5463
100,0.15,16,37.4,0.929872,38.645,43.3091,45.8714
100,0.15,17,39.51,0.939776,38.5808,46.0304,48.2386
100,0.15,18,38.42,0.937736,39.8359,45.1117,47.4694
100,0.15,19,33.15,1.06989,35.1949,41.0043,42.7744
100,0.16,0,36.35,1.04295,35.6406,44.1772,46.8146
100,0.16,1,35.68,0.973701,35.5621,42.8,45.0217
100,0.16,2,38.24,0.93446,38.7384,44.6784,46.5941
100,0.16,3,39.79,0.986605,40.5073,46.2643,49.3819
100,0.16,4,36.16,0.860148,36.4863,43.1506,44.8844
100,0.16,5,38.34,1.07662,40.279,45.3239,47.7503
100,0.16,6,38.04,0.981084,40.226,45.3092,46.5271
100,0.16,7,36.47,0.997531,37.0009,43.2264,45.3756
100,0.16,8,35.89,0.963607,37.4753,43.1918,45.1582
100,0.16,9,36.44,0.89845,35.3459,43.9933,46.288
100,0.16,10,37.33,0.917636,38.3352,43.8827,46.0019
100,0.16,11,34.79,0.984516,35.701,42.0227,44.0306
100,0.16,12,38.57,0.894128,38.5087,44.8084,47.181
100,0.16,13,33.96,0.981864,34.3197,40.4212,43.2563
100,0.16,14,39.18,0.796495,39.6831,45.4791,47.7348
100,0.16,15,37.28,0.926647,37.2017,43.4648,45.2588
100,0.16,16,37.55,0.958319,37.6015,43.6955,46.7075
100,0.16,17,37.86,0.951588,37.5721,45.1746,47.4201
100,0.16,18,36.03,0.984137,36.5122,42.472,44.3539
100,0.16,19,37.47,0.927436,37.7215,44.8298,47.2984
100,0.17,0,37.94,0.841794,39.905,43.7085,45.1318
100,0.17,1,36.02,0.925498,36.3794,42.6778,44.9259
100,0.17,2,36.96,1.04808,37.0302,43.6416,46.3107
100,0.17,3,40.72,0.9214,42.0331,46.4054,48.8395
100,0.17,4,37.06,0.858845,38.1793,43.0095,46.0475
100,0.17,5,38.66,1.0266,39.5581,46.2544,48.7839
100,0.17,6,34.5,0.877652,35.9715,41.744,44.2904
100,0.17,7,37.92,0.867828,37.8809,44.6877,47.214
100,0.17,8,34.97,0.994333,34.4355,41.5788,45.0908
100,0.17,9,37.96,0.933403,38.2644,44.3753,46.7301
100,0.17,10,37.64,1.04919,37.3965,44.5214,46.7805
100,0.17,11,32.25,1.01198,33.5317,38.7202,40.9777
100,0.17,12,37.05,1.08518,38.266,43.9074,47.0649
100,0.17,13,36.66,1.00227,36.4832,43.8429,46.2212
100,0.17,14,33.96,0.968048,34.5424,40.9196,43.2128
100,0.17,15,37.51,1.0113,38.5541,44.4841,47.2143
100,0.17,16,41.58,1.00899,40.5729,47.837,51.0894
100,0.17,17,36.52,0.875926,37.0771,43.0569,45.072
100,0.17,18,35.3,0.899279,35.9189,42.1615,45.0559
100,0.17,19,36.58,0.982059,35.892,43.4828,45.5043
100,0.18,0,39.83,0.95681,40.5908,46.0987,48.5025
100,0.18,1,33.44,0.891189,33.9639,39.4792,42.1795
100,0.18,2,35.9,0.911958,36.6921,42.272,44.5144
100,0.18,3,36,0.993619,35.7055,42.2463,44.9676
100,0.18,4,34.77,0.901739,35.9681,41.5413,43.4412
100,0.18,5,35.59,0.936693,35.372,40.8061,42.0731
100,0.18,6,38.47,0.931606,38.047,45.1895,47.2275
100,0.18,7,38.25,0.913631,38.0727,44.5771,47.3037
100,0.18,8,37.06,0.884282,37.9797,43.9962,46.4075
100,0.18,9,39.79,0.933245,39.6057,46.6923,49.0682
100,0.18,10,39.5,0.94543,38.066,45.8761,48.7505
100,0.18,11,38.83,0.956037,39.6355,45.1423,47.8842
100,0.18,12,36.71,0.888762,37.138,42.5322,45.0113
100,0.18,13,34.57,0.887078,35.0637,41.7348,43.9726
100,0.18,14,35.16,0.90372,35.9552,42.4282,44.3668
100,0.18,15,36.5,0.874771,36.4026,42.7252,45.983
100,0.18,16,36.86,0.873784,37.1384,43.7052,46.0914
100,0.18,17,39.02,0.851623,40.6318,45.4304,47.5425
100,0.18,18,35.14,0.932472,34.37,41.4971,43.0612
100,0.18,19,39.84,0.966412,40.524,45.9845,48.3986
100,0.19,0,36.47,0.97837,36.0946,43.0337,45.2961
100,0.19,1,36.34,0.936655,36.7756,42.5159,45.1279
100,0.19,2,36.26,0.985795,36.9168,42.8231,45.1434
100,0.19,3,38.04,0.946131,38.8945,44.2544,46.6318
100,0.19,4,35.28,0.965965,35.8036,41.0078,43.8981
100,0.19,5,40.91,0.990112,41.3103,46.6503,49.7359
100,0.19,6,34.62,0.897011,35.546,40.0155,41.9212
100,0.19,7,37.56,0.927498,36.3171,43.7802,46.1554
100,0.19,8,37.32,0.852091,37.7582,43.7546,46.3791
100,0.19,9,34.71,0.989546,34.7614,41.0738,43.5977
100,0.19,10,35.64,0.881389,35.8286,41.5295,44.4118
100,0.19,11,36.6,0.926761,37.7492,43.3113,45.9881
100,0.19,12,42.85,0.932513,43.3967,49.1457,51.4313
100,0.19,13,37.91,0.767622,38.5039,43.4423,46.0036
100,0.19,14,38.29,0.965542,39.1797,44.6823,47.061
100,0.19,15,38.26,0.868221,39.4733,44.5777,47.2604
100,0.19,16,34.65,1.05788,35.3114,41.3823,44.0961
100,0.19,17,37.72,0.945215,37.5789,43.7978,46.4742
100,0.19,18,36.37,0.912589,36.8799,42.6176,45.3794
100,0.19,19,35.75,0.942028,35.1951,41.3598,44.3984
100,0.2,0,37.99,0.929887,38.0231,44.6769,47.1751
100,0.2,1,36.15,0.949851,37.7077,42.4587,44.3638
100,0.2,2,33.43,0.935793,33.4745,39.5608,41.9275
100,0.2,3,35.46,0.834882,37.7627,41.584,43.549
100,0.2,4,39.67,0.926834,40.4104,46.2235,48.5205
100,0.2,5,38.7,0.881901,40.3457,45.415,48.1071
100,0.2,6,37.46,0.877603,37.7495,43.1375,45.87
100,0.2,7,36.73,0.99838,38.0368,42.483,45.4226
100,0.2,8,38.69,0.85421,38.497,44.89,47.299
100,0.2,9,42.04,0.961703,42.1414,48.4563,50.4817
100,0.2,10,38.25,0.954189,38.9422,44.882,47.557
100,0.2,11,40.19,0.869737,40.2992,46.2248,48.4918
100,0.2,12,38.32,0.960173,39.9172,44.5762,47.2487
100,0.2,13,36.96,0.945143,37.5053,42.7853,46.388
100,0.2,14,37.96,0.959537,37.3556,44.4029,46.794
100,0.2,15,36.36,0.917409,36.3343,43.8817,46.0701
100,0.2,16,38.64,0.987758,40.334,44.7857,48.0756
100,0.2,17,35.77,1.00079,35.5446,42.2828,45.0787
100,0.2,18,36.84,0.984163,37.4211,43.2206,45.9018
100,0.2,19,34.66,0.940807,35.0549,40.8938,43.3894
100,0.21,0,34.31,0.851884,34.716,40.5165,42.3891
100,0.21,1,36.84,0.933935,36.8573,43.301,46.2781
100,0.21,2,38.12,1.04739,36.9346,44.63,47.4563
100,0.21,3,36.48,0.987324,37.3343,42.1909,45.4277
100,0.21,4,37.54,0.823426,39.8753,42.9602,46.459
100,0.21,5,38.59,0.965056,39.3186,45.0189,46.9806
100,0.21,6,39.85,1.12183,39.9697,46.413,48.0002
100,0.21,7,38.5,0.86715,38.4081,44.3482,46.6889
100,0.21,8,38.55,0.954095,39.6799,44.3954,46.6733
100,0.21,9,38.11,0.875431,38.2981,44.443,47.0036
100,0.21,10,41.11,0.941845,40.9124,47.3565,49.6721
100,0.21,11,38.39,0.899938,38.3568,44.1023,47.6482
100,0.21,12,38.27,0.922512,38.2756,44.8837,47.115
100,0.21,13,37.45,0.884264,37.838,42.9744,45.646
100,0.21,14,36.83,0.926243,37.473,43.1115,45.0407
100,0.21,15,36.84,0.974339,38.8477,42.8955,44.3101
100,0.21,16,36.48,0.836737,37.8796,42.7914,45.4383
100,0.21,17,38.72,0.782605,38.4339,43.9985,46.3728
100,0.21,18,34.77,0.875551,35.3217,40.6714,43.0999
100,0.21,19,36.33,0.928431,35.1917,42.6603,45.2921
100,0.22,0,40.48,0.93679,41.3572,45.7511,49.2797
100,0.22,1,39.27,0.89084,39.9074,44.6687,47.4254
100,0.22,2,36.18,1.00098,36.4862,42.4243,45.1626
100,0.22,3,39.41,1.05137,40.6107,45.4104,47.5075
100,0.22,4,40.64,0.914508,40.716,46.4505,48.5814
100,0.22,5,34.99,0.888363,36.1759,40.9062,43.0806
100,0.22,6,39.26,0.851519,39.3341,45.1159,47.6966
100,0.22,7,37.86,0.843562,38.0366,43.5397,45.47
100,0.22,8,37.94,0.835874,37.0938,43.3441,44.8516
100,0.22,9,37.15,0.918975,37.2581,43.5548,46.2007
100,0.22,10,38.94,0.852015,40.2638,44.9934,47.0938
100,0.22,11,36.36,0.973444,38.165,42.6496,44.8776
100,0.22,12,39.09,0.838693,39.1413,44.4512,47.1444
100,0.22,13,37.5,0.84022,37.9713,43.1512,45.5833
100,0.22,14,36.62,0.876406,37.5018,42.6793,44.2213
100,0.22,15,37.2,0.922884,37.586,43.8312,46.6459
100,0.22,16,37.27,0.849133,37.6624,42.6921,45.4587
100,0.22,17,36.9,0.891613,36.9957,43.1844,46.0422
100,0.22,18,37.87,0.875445,38.2294,43.3889,46.178
100,0.22,19,38.04,0.91211,39.0288,44.4846,46.7425
100,0.23,0,38.46,0.913814,39.1746,44.7883,45.9761
100,0.23,1,35.02,0.827084,34.8006,40.6792,43.0914
100,0.23,2,37.57,0.899317,39.0734,43.411,46.7629
100,0.23,3,34.59,0.946352,33.9541,40.416,42.604
100,0.23,4,39.93,0.817385,39.3461,45.8523,48.5522
100,0.23,5,37.02,0.95626,37.1198,43.2591,44.4956
100,0.23,6,38.04,0.874573,38.3161,43.7118,46.2603
100,0.23,7,37.06,0.898137,37.8861,42.6478,44.9847
100,0.23,8,38.84,1.01002,38.6188,44.3346,47.2043
100,0.23,9,40.44,0.839118,40.2229,46.4779,48.4925
100,0.23,10,38.63,0.972859,37.7939,43.8242,46.4122
100,0.23,11,36.08,0.894234,36.0382,40.7832,42.6532
100,0.23,12,36.32,0.793032,37.9414,41.1796,43.995
100,0.23,13,35.64,0.897164,35.6914,41.24,43.7482
100,0.23,14,41.55,0.93373,42.8093,48.4114,49.8001
100,0.23,15,37.27,0.836195,38.212,42.2676,44.7675
100,0.23,16,37.59,1.03824,38.9085,43.866,46.8065
100,0.23,17,36.07,0.940025,37.0036,41.8832,44.6927
100,0.23,18,39.79,0.850748,40.5659,45.1281,47.8983
100,0.23,19,36.36,1.04062,37.0898,43.0576,45.103
100,0.24,0,35.43,0.945785,37.4343,41.8214,43.721
100,0.24,1,38.23,0.946988,40.4142,43.0658,47.084
100,0.24,2,36.89,1.00488,36.7002,42.8267,45.2701
100,0.24,3,37.45,0.859857,37.5117,42.6438,45.6587
100,0.24,4,36.31,0.948636,36.9584,41.9239,43.7789
100,0.24,5,42.1,0.773909,40.9567,47.299,49.5614
100,0.24,6,38.64,0.883525,40.2905,44.755,47.4494
100,0.24,7,35.55,0.924092,36.1226,41.4596,44.1879
100,0.24,8,37.93,0.883002,38.5533,44.2303,46.2906
100,0.24,9,37.86,0.860278,38.1027,43.0699,45.4947
100,0.24,10,35.61,0.993045,35.5566,41.9967,44.9965
100,0.24,11,37.25,0.855218,37.2679,42.3652,45.3278
100,0.24,12,38.99,0.921244,39.8864,45.139,47.5594
100,0.24,13,38.34,0.813754,39.6677,44.1711,46.3167
100,0.24,14,39.65,0.908474,40.5842,45.599,48.0214
100,0.24,15,37.7,0.962595,39.7361,44.0798,45.9703
100,0.24,16,39.09,0.842361,39.1227,43.633,46.5182
100,0.24,17,36.7,0.781069,37.8779,41.8628,44.3644
100,0.24,18,39.86,0.901143,40.3789,46.0527,48.1792
100,0.24,19,38.97,0.900514,40.6259,44.5254,46.5046
100,0.25,0,38.92,0.790412,39.8425,45.0638,47.1931
100,0.25,1,39.65,0.857393,41.1896,44.4095,47.4151
100,0.25,2,35.73,0.816644,36.1795,41.1806,44.0409
100,0.25,3,39.44,0.940384,39.713,45.2956,47.9228
100,0.25,4,37.44,0.906219,37.7411,43.6935,46.3256
100,0.25,5,37.82,0.811828,37.858,43.0558,45.9275
100,0.25,6,39.16,0.922495,39.4947,45.9087,48.3992
100,0.25,7,35.28,0.937059,36.1214,40.9701,43.5508
100,0.25,8,37.08,0.959953,37.31,42.4575,44.8259
100,0.25,9,36.75,0.902633,37.9992,42.4275,44.3074
100,0.25,10,36.71,0.864089,36.8078,42.1519,45.4175
100,0.25,11,35.95,0.886917,36.6302,41.7605,43.9524
100,0.25,12,36.51,0.85131,37.1,42.2077,45.1612
100,0.25,13,38.3,0.824466,39.3839,42.9686,45.6746
100,0.25,14,39.03,0.843099,38.7511,44.9186,48.1261
100,0.25,15,34.02,0.902021,35.1618,39.8928,41.7832
100,0.25,16,38.97,0.935522,37.4528,44.7832,47.5791
100,0.25,17,36.14,0.829504,36.6371,42.6328,45.0666
100,0.25,18,37.28,0.828171,37.2334,42.3069,45.2719
100,0.25,19,35.09,0.881386,34.8827,40.6937,41.8923
100,0.26,0,38.97,0.937334,37.8365,45.1681,47.1215
100,0.26,1,37.19,0.8495,37.7305,42.853,44.8633
100,0.26,2,38.35,0.844998,38.6774,44.6676,46.7081
100,0.26,3,41.59,0.876972,42.3241,47.0121,48.9723
100,0.26,4,37.84,0.83687,38.3057,43.4763,45.8826
100,0.26,5,37.14,0.904576,37.5768,42.6481,45.4489
100,0.26,6,35.9,0.915297,36.0609,41.6524,44.1865
100,0.26,7,37.26,0.783981,37.9464,42.8216,45.7457
100,0.26,8,38.42,0.870719,39.5391,43.5847,45.701
100,0.26,9,38.18,0.862024,38.469,43.4854,46.7256
100,0.26,10,37.87,0.809293,38.6889,42.6473,45.5014
100,0.26,11,38.26,0.980562,38.5015,43.99,45.9143
100,0.26,12,35.8,0.819079,36.0846,41.8968,44.1577
100,0.26,13,35.85,0.95349,36.2937,42.2899,45.5561
100,0.26,14,35.35,0.995798,37.7945,41.6244,43.5976
100,0.26,15,35.99,0.857466,37.3664,41.1834,43.5737
100,0.26,16,36,0.828872,36.5097,41.0172,43.7943
100,0.26,17,35.96,0.944101,36.0919,41.7042,44.2262
100,0.26,18,39.65,0.847019,39.7695,45.2004,48.3351
100,0.26,19,39,0.887018,36.8003,43.4067,47.4199
100,0.27,0,38.01,0.856172,40.2778,43.6179,46.1353
100,0.27,1,40.15,0.947237,39.6506,45.8666,47.7239
100,0.27,2,39.67,0.934115,41.9928,46.0557,48.1155
100,0.27,3,37.02,0.892876,38.7952,43.0224,45.4569
100,0.27,4,39.21,0.888673,39.5622,43.8452,44.6908
100,0.27,5,39.75,0.874654,38.5517,45.066,47.9107
100,0.27,6,38.31,0.927404,39.2297,43.8381,45.71
100,0.27,7,36.87,0.83645,36.6689,42.6041,44.9537
100,0.27,8,37.94,0.838679,39.112,43.0712,45.0782
100,0.27,9,38.99,0.834227,39.6731,45.176,47.3348
100,0.27,10,35.92,0.847942,35.4384,39.9435,42.6097
100,0.27,11,40.03,0.864241,39.9905,45.2339,47.9497
100,0.27,12,35.58,0.90962,34.6168,41.4004,43.4812
100,0.27,13,38.75,0.876449,38.8944,44.7209,46.9662
100,0.27,14,40.21,0.888684,39.5526,45.5342,47.9956
100,0.27,15,38.16,0.8677,38.114,43.8138,46.472
100,0.27,16,39.67,0.868488,39.7084,45.2566,47.5556
100,0.27,17,36.94,0.90907,37.7366,42.5436,44.6587
100,0.27,18,39.27,0.807268,39.0103,44.4061,47.1363
100,0.27,19,37.65,0.834009,36.6671,43.2431,45.4536
100,0.28,0,37.81,0.874345,38.872,44.1456,46.1788
100,0.28,1,36.65,0.991991,37.3533,42.3889,45.3038
100,0.28,2,37.9,0.826241,38.5696,42.9409,45.106
100,0.28,3,36.62,0.938503,37.338,42.317,44.7222
100,0.28,4,36.68,0.872569,37.2295,41.1643,43.3217
100,0.28,5,39.45,0.902437,40.0637,44.8792,47.3373
100,0.28,6,41.95,0.815697,43.5681,47.5553,49.9795
100,0.28,7,40.39,0.956218,39.8007,46.0931,48.9299
100,0.28,8,36.31,0.953751,38.0411,41.9287,44.7087
100,0.28,9,41.02,0.865185,41.3507,46.4388,48.8115
100,0.28,10,38.08,0.953793,38.4107,43.2621,45.9532
100,0.28,11,38.74,0.848882,38.5557,43.3538,46.0294
100,0.28,12,40.42,0.939964,40.1417,46.3808,48.475
100,0.28,13,42.43,0.814829,43.6094,47.4446,50.3313
100,0.28,14,37.41,0.843251,37.6745,41.9954,45.196
100,0.28,15,38.99,0.899025,39.4393,44.1591,47.2888
100,0.28,16,37.18,0.788478,37.4588,42.3044,44.8204
100,0.28,17,39.84,0.86356,39.7585,45.2606,47.3747
100,0.28,18,40,0.947806,42.3856,45.3903,48.478
100,0.28,19,39.92,0.801533,40.5252,45.072,47.9377
100,0.29,0,37.29,0.875879,37.2672,42.9928,45.4569
100,0.29,1,38,0.799847,38.3004,42.9655,44.9306
100,0.29,2,37.56,0.871968,37.7622,42.5617,45.4339
100,0.29,3,38.38,0.872109,39.7967,43.2358,45.8495
100,0.29,4,37.1,0.845495,37.9554,43.0457,45.666
100,0.29,5,38.25,0.925371,38.1787,42.9689,46.5288
100,0.29,6,35.79,0.89909,36.5529,41.3536,43.435
100,0.29,7,38.01,0.882672,38.1155,43.2383,45.1511
100,0.29,8,34.72,0.901455,34.9054,41.4353,43.7757
100,0.29,9,40.43,0.956131,40.3785,44.8535,47.7608
100,0.29,10,38.59,0.844992,38.2951,44.4858,46.4301
100,0.29,11,38.08,0.838355,38.7445,43.2294,46.1078
100,0.29,12,36.92,0.959427,37.4331,41.5598,44.5858
100,0.29,13,37.74,0.917414,37.1906,42.9843,45.238
100,0.29,14,38.41,0.928455,38.3384,43.9708,46.8216
100,0.29,15,39.94,1.02627,39.1538,45.2589,48.2241
100,0.29,16,40.13,0.793821,39.2298,45.1344,46.7001
100,0.29,17,33.18,0.814883,34.2187,38.0429,40.2077
100,0.29,18,37.87,0.77246,39.3807,42.5939,45.2174
100,0.29,19,35.99,0.896254,36.865,41.4128,43.8254
100,0.3,0,38.83,0.86041,39.5989,44.1849,46.7034
100,0.3,1,37.69,0.918884,38.8617,43.9035,45.914
100,0.3,2,40.06,0.821655,39.6583,44.3915,47.2929
100,0.3,3,38.12,0.838814,39.3285,42.8297,44.1224
100,0.3,4,38.32,0.870768,38.0433,44.0269,46.3157
100,0.3,5,36.68,0.804266,36.2149,41.6245,44.2128
100,0.3,6,37.91,0.880023,38.3225,43.7766,45.9544
100,0.3,7,38.29,0.865119,39.2174,43.2266,46.2493
100,0.3,8,35.69,0.834182,35.8423,41.1875,44.0479
100,0.3,9,38.04,0.87364,37.8461,43.5703,45.2564
100,0.3,10,39.97,0.849064,40.296,44.5293,46.6986
100,0.3,11,35.87,0.831749,36.2995,41.7621,43.8698
100,0.3,12,40.71,0.774731,41.572,45.5043,48.0223
100,0.3,13,38.71,0.912752,38.7417,44.1708,46.6902
100,0.3,14,42.03,0.783018,42.6247,46.2871,49.3325
100,0.3,15,36.78,0.833416,37.4139,41.7258,43.9658
100,0.3,16,37.14,0.913748,38.1929,42.7139,45.3217
100,0.3,17,39.96,0.850047,41.7327,44.605,46.7156
100,0.3,18,36.88,0.882511,37.0696,42.3096,44.6322
100,0.3,19,38.51,0.897889,39.88,43.5363,45.5545
100,0.31,0,37.31,0.845131,37.5275,42.1906,44.9011
100,0.31,1,37.32,0.813676,37.3597,42.4398,45.1528
100,0.31,2,35.54,0.933027,35.3332,41.4186,43.3218
100,0.31,3,37.96,0.863162,37.1462,43.355,45.5839
100,0.31,4,38.15,0.882764,38.081,43.9114,45.6782
100,0.31,5,38.66,0.806967,38.9244,43.6195,45.8569
100,0.31,6,37.41,0.837785,38.7538,42.0871,44.8804
100,0.31,7,38.23,0.915791,39.5436,43.4507,44.675
100,0.31,8,37.9,0.871687,38.505,42.9047,45.7534
100,0.31,9,40.4,0.849541,40.3165,45.4942,47.352
100,0.31,10,38.35,0.866357,39.1321,42.6516,44.4475
100,0.31,11,37.43,0.8152,38.0221,42.1877,45.1839
100,0.31,12,37.62,0.864844,37.9134,42.9099,46.012
100,0.31,13,37.53,0.760352,38.3398,42.5405,45.3022
100,0.31,14,38.65,0.77519,38.238,43.58,46.3376
100,0.31,15,36.34,0.809479,35.9404,41.0971,43.2966
100,0.31,16,37.25,0.864106,36.2031,42.6846,45.0343
100,0.31,17,36.43,0.867309,36.6132,41.5068,44.2347
100,0.31,18,42.08,0.854042,41.6349,46.9518,48.8994
100,0.31,19,38.23,0.882981,39.1016,43.6522,46.0778
100,0.32,0,39.69,0.875303,40.5165,45.5253,47.8892
100,0.32,1,38.18,0.86336,39.0451,43.7304,46.0349
100,0.32,2,36.8,0.811287,38.7075,41.3483,43.6387
100,0.32,3,41.04,0.83123,41.6786,46.5638,48.7573
100,0.32,4,36.77,0.848043,35.5261,41.5942,44.3145
100,0.32,5,36.78,0.743957,38.213,41.3522,44.3174
100,0.32,6,37.38,0.783079,37.5186,42.044,44.8808
100,0.32,7,40.95,0.80243,40.9395,46.6362,49.0004
100,0.32,8,38.95,0.803899,38.9266,43.3908,45.9937
100,0.32,9,37.42,0.824542,35.9551,42.8559,44.3642
100,0.32,10,36.62,0.819523,37.8429,41.0931,43.1651
100,0.32,11,37.64,0.857287,38.2688,42.9075,44.6138
100,0.32,12,37.21,0.924988,38.1879,42.6568,45.3733
100,0.32,13,37.55,0.800293,37.7049,42.6586,44.6444
100,0.32,14,36.54,0.820972,37.5555,41.648,43.6849
100,0.32,15,36.75,0.889396,37.8416,42.7352,45.1357
100,0.32,16,37.83,0.912488,38.6409,42.6967,45.7312
100,0.32,17,39.49,0.946851,40.4192,44.9959,46.8313
100,0.32,18,39.41,0.859312,39.3897,44.2876,46.3748
100,0.32,19,37.13,0.877976,38.4583,42.0851,44.9905
100,0.33,0,38.05,0.883846,37.6656,42.5795,46.0653
100,0.33,1,38.78,0.83247,39.1212,43.225,45.2642
100,0.33,2,38.77,1.01913,37.9167,43.9761,45.7448
100,0.33,3,38.24,0.779597,39.9211,43.3744,44.9104
100,0.33,4,36.66,0.854506,36.2186,41.709,44.2066
100,0.33,5,40.5,0.852156,40.7372,45.2814,47.6024
100,0.33,6,41.1,0.793709,43.2088,46.0566,48.785
100,0.33,7,36.56,0.896397,36.2206,42.0195,43.9629
100,0.33,8,38.49,0.858471,39.4184,42.7589,45.5875
100,0.33,9,40.24,0.885924,40.7273,45.0549,47.2788
100,0.33,10,38.07,0.871867,38.7586,43.0157,45.3912
100,0.33,11,37.65,0.84864,39.3919,41.5289,45.3043
100,0.33,12,37.47,0.809912,37.9968,41.3955,44.6513
100,0.33,13,38.77,0.894767,37.9699,44.1354,46.6106
100,0.33,14,39.43,0.850828,39.3508,43.6399,47.1531
100,0.33,15,37.53,0.804443,37.1669,42.0252,44.7013
100,0.33,16,41.06,0.893035,40.8925,46.7359,48.771
100,0.33,17,39.37,0.848129,39.7618,44.6663,47.2153
100,0.33,18,41.05,0.750928,41.4758,46.178,48.6952
100,0.33,19,37.18,0.878129,39.0824,41.7445,45.3416
100,0.34,0,40.58,0.878102,41.9596,45.2258,48.2925
100,0.34,1,38.04,0.811059,38.8502,42.3646,45.2793
100,0.34,2,37.03,0.773986,37.5526,41.533,44.0112
100,0.34,3,36.07,0.79051,36.8651,40.517,43.2906
100,0.34,4,36.35,0.915598,36.8691,40.6522,43.7234
100,0.34,5,37.8,0.841056,38.2503,43.321,45.7928
100,0.34,6,38.21,0.891983,39.6441,42.393,45.3108
100,0.34,7,39.12,0.855121,39.3209,44.3643,46.8556
100,0.34,8,37.95,0.866702,39.0094,42.6931,45.3432
100,0.34,9,38.32,0.864459,39.3812,43.3761,45.6774
100,0.34,10,38,0.910045,39.1384,43.5352,45.4852
100,0.34,11,37.76,0.878351,39.0093,42.7373,45.6177
100,0.34,12,39.58,0.842798,40.3206,44.7626,47.0476
100,0.34,13,38.2,0.859308,38.8446,43.3224,45.2716
100,0.34,14,37.44,0.806335,38.0758,41.738,44.5259
100,0.34,15,38.03,0.78702,38.6514,42.611,44.2387
100,0.34,16,36.84,0.829057,36.6803,41.921,44.5778
100,0.34,17,37.4,0.756975,37.682,41.1726,44.422
100,0.34,18,38.75,0.800234,39.3712,43.1793,46.2225
100,0.34,19,39.77,0.863985,41.1332,44.5438,47.2177
100,0.35,0,38.87,0.790357,40.1778,43.774,45.7892
100,0.35,1,38.85,0.750606,40.0776,44.0065,46.4282
100,0.35,2,38.91,0.861778,39.3228,43.3299,45.9974
100,0.35,3,38.84,0.776455,38.0621,42.9067,45.1933
100,0.35,4,37.14,0.763693,37.4195,41.3568,43.7756
100,0.35,5,37.58,0.870595,39.0698,43.3205,45.1332
100,0.35,6,39.08,0.834555,39.3009,44.1215,46.4613
100,0.35,7,40.87,0.863443,41.0886,45.7905,48.6317
100,0.35,8,38.47,0.828365,38.4128,42.61,45.3959
100,0.35,9,38.47,0.848644,38.4241,43.0224,45.3425
100,0.35,10,37.69,0.755765,37.3652,43.1921,45.0349
100,0.35,11,39.65,0.846141,40.2403,44.7098,47.4909
100,0.35,12,36.94,0.83292,37.4946,42.058,44.4096
100,0.35,13,37.66,0.790085,38.036,41.0405,44.5261
100,0.35,14,37.88,0.885348,38.807,42.9096,44.4985
100,0.35,15,37.97,0.766585,38.0432,43.042,45.2467
100,0.35,16,38.59,0.784958,38.3666,43.6193,46.0328
100,0.35,17,38.56,0.787312,38.5719,42.9032,45.7297
100,0.35,18,36.33,0.867992,37.6584,41.1926,43.6996
100,0.35,19,35.58,0.855856,35.8266,40.9124,42.8706
100,0.36,0,37.36,0.826132,37.2531,42.7087,44.7144
100,0.36,1,37.83,0.801128,38.0265,42.6771,45.3029
100,0.36,2,36.75,0.834051,36.8338,42.6866,44.3359
100,0.36,3,42.99,0.796218,43.5169,47.1501,49.4617
100,0.36,4,38.47,0.810739,38.9221,43.4994,45.2436
100,0.36,5,37.93,0.743014,39.3483,41.1475,43.2857
100,0.36,6,37.91,0.864074,39.8286,42.8141,45.2668
100,0.36,7,39.28,0.769714,39.3569,44.0826,46.2888
100,0.36,8,38.04,0.864363,38.5376,42.666,45.5384
100,0.36,9,37.21,0.860852,37.3576,41.9398,44.8585
100,0.36,10,38.91,0.812929,39.3638,43.5781,45.5002
100,0.36,11,39.74,0.82511,39.4946,44.6808,47.0769
100,0.36,12,40.52,0.811126,40.7801,45.0908,47.5526
100,0.36,13,39.2,0.869673,39.9475,44.037,46.2297
100,0.36,14,41.01,0.778959,40.4808,45.4926,48.3376
100,0.36,15,38.03,0.807135,38.6274,42.7759,45.5188
100,0.36,16,38.4,0.841303,38.5297,43.0678,45.5936
100,0.36,17,38.03,0.789928,38.3153,42.2399,44.8187
100,0.36,18,35.73,0.865195,36.5369,40.4092,43.0878
100,0.36,19,36.26,0.762259,35.9842,39.7964,43.0068
100,0.37,0,36.58,0.78877,38.2309,41.0671,43.8789
100,0.37,1,39.27,0.796958,39.3729,43.058,45.4982
100,0.37,2,41.51,0.811889,41.9419,45.9903,48.778
100,0.37,3,39.61,0.827426,40.2162,43.7304,46.8805
100,0.37,4,36.64,0.897273,36.4331,41.954,43.9261
100,0.37,5,39.35,0.782556,40.543,43.5008,46.0054
100,0.37,6,40.16,0.77802,41.7434,45.0551,47.1292
100,0.37,7,38.42,0.782715,38.5258,43.2625,45.8293
100,0.37,8,34.83,0.806966,34.0832,39.2613,41.8249
100,0.37,9,38.71,0.778768,39.0767,43.3066,45.9132
100,0.37,10,40.29,0.701588,40.4429,43.7498,47.334
100,0.37,11,39.22,0.804677,39.9559,42.6019,44.7327
100,0.37,12,38.27,0.841696,39.4366,43.7595,45.7472
100,0.37,13,39.79,0.76198,40.5115,44.5187,47.2719
100,0.37,14,38.12,0.873383,37.7288,43.1718,45.4776
100,0.37,15,38.32,0.813743,39.2078,42.6622,44.4223
100,0.37,16,39.01,0.850734,39.6126,43.8066,46.2721
100,0.37,17,38.46,0.763072,39.1338,43.2933,45.2081
100,0.37,18,37.81,0.859704,37.9543,42.6464,44.5266
100,0.37,19,38.61,0.765009,39.3118,42.96,46.0257
100,0.38,0,38.76,0.821328,39.3399,43.2434,45.7029
100,0.38,1,39.86,0.840669,39.9574,44.4273,46.6285
100,0.38,2,39.51,0.887471,39.4383,44.4469,47.4932
100,0.38,3,40.56,0.830231,41.3036,44.658,47.4348
100,0.38,4,39.71,0.793849,41.0914,44.0706,46.3518
100,0.38,5,38.16,0.74757,38.5119,41.7703,44.723
100,0.38,6,39.91,0.731715,40.8699,44.0445,47.0799
100,0.38,7,40.58,0.786404,41.8698,44.5303,47.1599
100,0.38,8,40.32,0.801325,40.9256,44.6008,47.0175
100,0.38,9,42.95,0.759655,42.9701,47.9958,49.6939
100,0.38,10,38.5,0.833935,39.3852,43.1875,45.3202
100,0.38,11,39.1,0.80012,38.7589,43.0992,45.7851
100,0.38,12,40.96,0.827794,42.117,45.855,48.1123
100,0.38,13,38.45,0.817081,38.9171,42.8998,45.25
100,0.38,14,36.1,0.820845,36.0816,40.555,43.299
100,0.38,15,38.9,0.851739,41.2974,43.9688,45.6679
100,0.38,16,39.58,0.791106,39.3833,44.5556,46.8457
100,0.38,17,39.51,0.754126,41.2801,44.1308,46.7687
100,0.38,18,39.4,0.820227,40.5211,44.5679,47.2675
100,0.38,19,39.32,0.872479,38.9185,44.4052,46.0485
100,0.39,0,39.44,0.814212,40.6978,43.8388,46.0435
100,0.39,1,38.26,0.753717,38.6655,42.8034,44.1377
100,0.39,2,39.05,0.84491,40.1833,43.5385,46.0239
100,0.39,3,38.32,0.847328,39.4423,43.053,45.3801
100,0.39,4,38.43,0.691763,39.5738,42.7516,44.9698
100,0.39,5,39.71,0.81062,40.1732,44.7638,47.2169
100,0.39,6,41.1,0.763186,41.8016,45.7187,47.4568
100,0.39,7,39.38,0.831612,38.5908,44.8711,46.1937
100,0.39,8,36.69,0.875364,37.108,41.7164,44.2917
100,0.39,9,39.66,0.796518,39.9213,44.1213,45.8949
100,0.39,10,37.54,0.871437,37.6987,42.7529,44.6708
100,0.39,11,38.42,0.823483,38.8521,43.4464,45.5635
100,0.39,12,38.43,0.719203,38.4064,42.8372,45.4118
100,0.39,13,40.84,0.769586,41.429,45.1935,47.864
100,0.39,14,38.73,0.757718,39.2664,43.4319,46.0486
100,0.39,15,39.6,0.779612,40.455,43.4637,46.0053
100,0.39,16,38.81,0.755586,39.4395,43.487,46.1378
100,0.39,17,37.91,0.80079,37.8009,41.9881,44.8515
100,0.39,18,38.3,0.784025,38.6122,42.7238,45.6263
100,0.39,19,37.56,0.814924,38.4604,42.4216,44.7183
100,0.4,0,38.44,0.81325,39.0014,43.3315,45.4112
100,0.4,1,38.51,0.794979,39.33,42.9657,44.6695
100,0.4,2,38.16,0.752749,38.904,41.914,44.3942
100,0.4,3,40.72,0.785746,40.72,45.3087,48.1138
100,0.4,4,36.26,0.801353,36.8455,41.5125,43.8155
100,0.4,5,40.31,0.760371,40.9482,44.6109,47.3937
100,0.4,6,39.27,0.855663,40.246,43.5707,45.9317
100,0.4,7,37.78,0.786158,38.2353,41.5682,43.9673
100,0.4,8,39.08,0.710531,39.058,43.4701,45.7379
100,0.4,9,38.06,0.798599,40.03,42.2728,44.4824
100,0.4,10,38.47,0.79346,37.8189,42.8,45.5265
100,0.4,11,38.51,0.862686,39.0261,43.4674,45.9545
100,0.4,12,37.78,0.818425,38.6462,42.1428,44.6717
100,0.4,13,39.21,0.817212,39.5063,43.4929,45.6162
100,0.4,14,38.01,0.833679,39.5839,42.9472,45.0765
100,0.4,15,40.17,0.878907,40.0713,45.0799,47.3895
100,0.4,16,40.36,0.830582,41.5789,44.1221,46.9288
100,0.4,17,38.2,0.805587,38.7798,42.6159,44.8304
100,0.4,18,39.42,0.853429,40.7373,43.2814,46.2627
100,0.4,19,39.25,0.775456,39.5086,43.119,45.6601
100,0.41,0,38.68,0.80257,39.8955,43.0074,45.8025
100,0.41,1,39.74,0.768527,39.8459,44.1162,46.0206
100,0.41,2,40.93,0.834639,41.569,45.2073,47.6561
100,0.41,3,40.72,0.841546,41.5328,44.4465,47.5685
100,0.41,4,37.79,0.786608,37.2497,41.6114,43.6979
100,0.41,5,41.77,0.74603,42.2075,45.5791,47.5266
100,0.41,6,38.94,0.729982,39.9434,42.8704,45.6727
100,0.41,7,38.69,0.758464,39.1142,43.0717,45.7017
100,0.41,8,40.33,0.710735,40.6405,43.894,46.9912
100,0.41,9,40.62,0.793727,40.8243,44.3325,46.8126
100,0.41,10,38.72,0.815497,39.7975,43.2394,45.5664
100,0.41,11,40.06,0.813931,39.7436,44.4107,46.0685
100,0.41,12,40.68,0.734082,41.0813,43.9882,46.5429
100,0.41,13,40.23,0.745559,40.8617,45.3627,47.0407
100,0.41,14,38.93,0.824527,39.8595,44.1714,45.6089
100,0.41,15,39.75,0.75178,40.5032,43.7742,45.2902
100,0.41,16,38.89,0.840534,39.6579,43.9211,46.3077
100,0.41,17,40.5,0.734567,41.3971,44.4962,46.6836
100,0.41,18,40.59,0.751099,41.4403,45.3127,47.3186
100,0.41,19,39.07,0.828213,39.4382,43.3782,45.828
100,0.42,0,38.42,0.76023,39.1722,42.3997,44.9524
100,0.42,1,36.83,0.803627,38.0861,40.5672,43.0008
100,0.42,2,40.58,0.752855,41.4587,44.7908,47.1147
100,0.42,3,41.3,0.841529,41.8464,45.9664,48.2258
100,0.42,4,38.55,0.817732,39.2114,42.4961,44.9866
100,0.42,5,39.94,0.741537,40.252,44.3549,46.4302
100,0.42,6,39.38,0.752305,39.5175,42.8208,45.592
100,0.42,7,40.88,0.830021,41.7126,44.1689,47.0027
100,0.42,8,38.78,0.76898,39.2131,42.9424,45.5098
100,0.42,9,38.53,0.846016,39.6129,42.7152,44.977
100,0.42,10,39.87,0.765979,40.2387,43.9518,46.4465
100,0.42,11,40.1,0.76804,41.1334,43.7955,46.0478
100,0.42,12,39.64,0.652273,40.6159,43.3831,45.736
100,0.42,13,37.76,0.825742,38.3155,42.1869,44.6361
100,0.42,14,37.41,0.738451,37.76,42.1705,44.107
100,0.42,15,38.69,0.804713,40.7623,42.7327,45.5561
100,0.42,16,39.43,0.792246,39.652,42.7771,45.7039
100,0.42,17,38.12,0.718912,39.5666,42.1766,44.3087
100,0.42,18,38.87,0.823303,39.3194,43.6072,45.5392
100,0.42,19,39.06,0.806692,39.0764,43.0188,44.952
100,0.43,0,39.06,0.842465,40.3358,43.3241,46.2114
100,0.43,1,40.92,0.807042,41.1049,44.3292,47.9955
100,0.43,2,36.53,0.797543,37.8322,41.2393,43.375
100,0.43,3,39.35,0.799951,40.0611,43.0325,45.9207
100,0.43,4,38.14,0.750913,39.0388,41.9316,44.5785
100,0.43,5,39.59,0.78624,39.8957,43.6101,46.0233
100,0.43,6,40.01,0.82724,40.8519,44.3493,47.1407
100,0.43,7,38.8,0.8103,39.727,43.092,45.1635
100,0.43,8,41.73,0.766477,42.3615,45.3653,47.6702
100,0.43,9,38.19,0.788529,38.1859,42.1628,45.1415
100,0.43,10,38.22,0.835776,39.3834,42.0245,44.4441
100,0.43,11,38.91,0.760024,39.4723,43.2619,45.4902
100,0.43,12,39.43,0.726619,40.7935,42.9581,45.7466
100,0.43,13,39.71,0.817104,41.2178,44.1033,46.1951
100,0.43,14,39.33,0.84026,39.538,43.3918,46.0669
100,0.43,15,41.12,0.754867,41.823,44.7417,47.6343
100,0.43,16,39.44,0.808895,39.1495,43.1197,45.7861
100,0.43,17,38.59,0.761266,39.1178,42.8993,45.2216
100,0.43,18,40.42,0.713046,40.3847,44.1952,46.9027
100,0.43,19,39.34,0.84954,39.1034,43.6124,45.6274
100,0.44,0,39.4,0.805156,40.6144,42.3762,45.6933
100,0.44,1,38.61,0.722167,39.5594,42.9144,45.1111
100,0.44,2,39.39,0.860625,38.9963,43.5387,45.7766
100,0.44,3,39.69,0.711722,40.6779,44.035,46.1332
100,0.44,4,40.68,0.724319,40.9184,44.9049,47.0222
100,0.44,5,38.04,0.856647,38.252,42.0766,44.7177
100,0.44,6,39.87,0.677322,40.7482,43.4495,45.7636
100,0.44,7,37.2,0.822234,37.7288,41.2672,43.5405
100,0.44,8,39.18,0.762393,40.6931,42.4158,45.3377
100,0.44,9,39.89,0.793562,40.1648,43.6854,45.905
100,0.44,10,39.75,0.763766,40.5332,43.6384,46.0525
100,0.44,11,39.71,0.768115,39.7822,43.4105,45.9173
100,0.44,12,41.72,0.788353,41.7067,45.3671,48.1981
100,0.44,13,40.98,0.781579,41.6331,45.011,47.3563
100,0.44,14,40.66,0.771364,42.5649,44.5154,47.2799
100,0.44,15,39.26,0.842451,38.9172,43.832,45.0416
100,0.44,16,38.76,0.756058,39.6733,42.0836,45.38
100,0.44,17,38.16,0.806224,38.9394,42.1484,44.7076
100,0.44,18,40.32,0.744681,41.2118,44.704,46.3347
100,0.44,19,37.43,0.765225,37.474,41.3413,43.2177
100,0.45,0,37.65,0.740003,38.0981,41.1011,43.7614
100,0.45,1,40.77,0.779201,41.3835,44.1108,47.1617
100,0.45,2,38.71,0.794763,38.7668,42.7517,45.8227
100,0.45,3,38.91,0.775173,39.4649,42.4913,45.4269
100,0.45,4,37.93,0.737711,38.0835,41.2973,44.2079
100,0.45,5,38.98,0.718048,39.1838,42.8751,45.375
100,0.45,6,38.96,0.760169,39.807,43.1396,45.3508
100,0.45,7,39.31,0.778179,39.0484,43.43,45.9295
100,0.45,8,39.16,0.80876,39.5119,43.4345,45.2468
100,0.45,9,41.56,0.700196,41.9282,45.1493,46.9264
100,0.45,10,38.38,0.815549,38.7497,42.0228,44.469
100,0.45,11,39.63,0.766417,39.7554,42.9798,45.3699
100,0.45,12,39.37,0.817433,41.096,43.2187,46.1419
100,0.45,13,40.26,0.729054,40.1033,44.4272,46.4065
100,0.45,14,38.7,0.681236,40.1043,42.7039,44.8884
100,0.45,15,40.72,0.78142,41.3142,44.5484,46.4815
100,0.45,16,37.53,0.756451,37.7837,40.7601,43.5046
100,0.45,17,37.42,0.850549,37.5882,41.5395,43.7288
100,0.45,18,41.3,0.734271,40.6142,45.0549,47.426
100,0.45,19,40.16,0.771908,40.7001,44.2163,46.2449
100,0.46,0,38.55,0.792281,38.9304,42.0428,44.6404
100,0.46,1,39.81,0.732275,39.5088,44.2264,46.5527
100,0.46,2,39.53,0.778797,39.8405,43.3364,45.8156
100,0.46,3,41.41,0.740081,42.2038,44.7917,47.9071
100,0.46,4,39.12,0.791075,39.065,43.1779,44.8751
100,0.46,5,41.24,0.792692,41.941,45.0874,47.8074
100,0.46,6,39.55,0.731147,39.5098,43.3285,44.7714
100,0.46,7,39.53,0.6886,40.0637,43.1383,45.504
100,0.46,8,41.56,0.74643,41.3164,45.4159,47.3796
100,0.46,9,41.28,0.754695,40.9636,45.4115,47.6191
100,0.46,10,39.74,0.743161,40.4476,43.8966,46.2671
100,0.46,11,40.1,0.782127,40.7153,45.0182,46.8719
100,0.46,12,39.24,0.784568,38.3951,43.3852,45.7671
100,0.46,13,39.04,0.818217,38.9035,42.9098,44.5605
100,0.46,14,39.91,0.781215,40.3345,43.1359,45.7747
100,0.46,15,41.09,0.80692,41.4839,45.4176,47.2262
100,0.46,16,38.86,0.829414,41.0158,43.2566,45.0764
100,0.46,17,38.74,0.737835,39.6769,42.7081,45.1446
100,0.46,18,40.94,0.712709,40.9807,44.0801,46.6153
100,0.46,19,38.43,0.783906,37.8309,42.4029,44.6489
100,0.47,0,41.44,0.802703,42.1221,45.3662,47.5491
100,0.47,1,39.44,0.74626,41.1778,43.525,45.1331
100,0.47,2,39.66,0.751577,39.9398,43.5908,45.7831
100,0.47,3,38.18,0.735886,39.0077,42.8493,45.291
100,0.47,4,38.42,0.705938,38.7717,42.4141,44.5792
100,0.47,5,39.1,0.705307,40.5879,42.9156,45.1137
100,0.47,6,37.98,0.806563,39.5354,41.7364,44.3683
100,0.47,7,38.87,0.730887,39.1394,42.2797,44.865
100,0.47,8,40.18,0.781873,39.5008,44.1516,46.9292
100,0.47,9,39.51,0.71082,40.4495,42.7476,45.373
100,0.47,10,40.15,0.753798,40.6261,43.911,46.0998
100,0.47,11,40.73,0.785951,41.9607,44.5258,46.8165
100,0.47,12,38.93,0.735851,39.1399,42.4991,45.4088
100,0.47,13,39.42,0.755402,40.4685,43.0004,45.2072
100,0.47,14,40.86,0.768647,40.9117,45.2423,46.528
100,0.47,15,40.05,0.737853,40.5517,43.7943,46.5424
100,0.47,16,39.82,0.734262,40.2005,43.4124,45.2176
100,0.47,17,39.61,0.729226,40.2611,43.0801,45.3641
100,0.47,18,39.41,0.800339,39.6615,42.9301,45.7487
100,0.47,19,38.63,0.866871,39.6442,43.1573,45.4349
100,0.48,0,38.41,0.817616,39.3169,42.6698,44.8459
100,0.48,1,41.69,0.791035,41.887,45.5305,47.6667
100,0.48,2,40.59,0.789679,41.3186,44.2932,46.8916
100,0.48,3,40.51,0.84058,41.0723,44.1101,46.7419
100,0.48,4,40.07,0.801582,40.532,43.1876,46.1509
100,0.48,5,39.71,0.826176,39.7942,43.3678,45.8649
100,0.48,6,39.65,0.792718,38.9816,43.058,45.8763
100,0.48,7,41.6,0.7121,42.5957,45.1359,47.5481
100,0.48,8,41.14,0.747829,41.796,45.0177,46.4713
100,0.48,9,37.97,0.812033,39.2754,41.7851,44.2949
100,0.48,10,40.62,0.865853,41.3669,44.2846,47.0866
100,0.48,11,39.86,0.784411,41.1915,43.4705,46.2235
100,0.48,12,40.1,0.730256,40.9249,43.4849,45.1264
100,0.48,13,40.37,0.799532,40.2858,43.9232,46.8327
100,0.48,14,41.32,0.72842,41.2929,44.6234,47.157
100,0.48,15,39.43,0.819325,40.1799,42.8983,45.0085
100,0.48,16,40.85,0.722971,40.9918,44.4801,45.877
100,0.48,17,38.33,0.781525,38.5687,41.6826,44.8017
100,0.48,18,39.58,0.73311,40.6752,43.6094,45.9841
100,0.48,19,39.1,0.700193,39.6221,42.4024,44.4215
100,0.49,0,38.79,0.764562,39.0091,42.8811,44.617
100,0.49,1,38.81,0.72692,38.3916,42.5101,44.4512
100,0.49,2,38.35,0.736408,39.4384,42.0769,44.0607
100,0.49,3,40.4,0.707468,41.5803,43.6713,46.5054
100,0.49,4,39.29,0.753436,39.7938,42.8193,45.0699
100,0.49,5,39.85,0.762404,40.9688,43.4931,46.293
100,0.49,6,41.52,0.73782,42.0152,44.5272,47.2536
100,0.49,7,38.97,0.829241,40.9436,42.4848,44.8762
100,0.49,8,38.21,0.748671,39.1542,41.5727,44.0356
100,0.49,9,38.29,0.684989,39.3235,42.1793,44.6115
100,0.49,10,38.17,0.757416,38.6314,42.2182,43.9967
100,0.49,11,39.17,0.768672,39.7381,43.6908,45.5167
100,0.49,12,38.75,0.698588,39.3394,42.2984,44.1189
100,0.49,13,39.25,0.817018,40.0916,43.2391,45.2324
100,0.49,14,38.56,0.662794,39.293,41.3841,44.1537
100,0.49,15,39.11,0.707512,39.5764,42.3533,45.3977
100,0.49,16,38.69,0.741394,39.4127,43.19,44.5888
100,0.49,17,37.77,0.729897,36.954,40.9751,43.7114
100,0.49,18,40.68,0.725147,41.2908,44.6127,46.7596
100,0.49,19,39.82,0.706578,40.1706,42.7916,45.9963
100,0.5,0,40.74,0.774539,40.8389,44.0922,46.4515
100,0.5,1,39.99,0.760262,40.003,43.8303,45.9687
100,0.5,2,37.79,0.746678,38.4702,40.7559,43.4985
100,0.5,3,39.66,0.757663,40.1329,43.1314,45.0746
100,0.5,4,41.14,0.722039,41.7327,44.8645,46.848
100,0.5,5,39.39,0.694331,39.0018,43.0916,44.9599
100,0.5,6,39.14,0.728307,40.4659,42.7348,45.0767
100,0.5,7,39.33,0.733108,39.6231,41.844,45.1816
100,0.5,8,38.27,0.713259,38.1362,42.265,44.145
100,0.5,9,38.71,0.788211,40.1711,42.2136,44.7776
100,0.5,10,40.02,0.730962,41.3422,43.0784,45.6046
100,0.5,11,38.48,0.747684,39.0495,42.2399,44.4884
100,0.5,12,40.66,0.80623,40.529,44.8089,46.6573
100,0.5,13,40.46,0.71223,40.1882,43.7546,46.2792
100,0.5,14,42.21,0.637127,43.1613,45.5858,48.0548
100,0.5,15,39.34,0.755186,39.6378,42.2302,44.9124
100,0.5,16,40.17,0.76255,40.1594,43.1296,45.7939
100,0.5,17,38.83,0.788986,38.6885,42.4358,45.1775
100,0.5,18,41.31,0.789449,42.222,45.2785,47.4245
100,0.5,19,38.54,0.752796,39.2473,42.0222,44.573
100,0.51,0,38.13,0.717421,38.8338,42.0595,44.4055
100,0.51,1,38.84,0.752218,38.8338,42.4352,44.4265
100,0.51,2,38.91,0.745776,38.8427,42.4141,44.6531
100,0.51,3,39.97,0.714197,41.1385,42.0577,44.8046
100,0.51,4,40.22,0.748396,41.2359,43.8092,46.0271
100,0.51,5,40.33,0.689437,41.0562,43.4982,45.486
100,0.51,6,40.25,0.792908,40.1372,43.5287,46.2931
100,0.51,7,39.71,0.768798,40.5956,43.2264,45.2373
100,0.51,8,38.1,0.744494,37.3516,41.8375,43.5307
100,0.51,9,39.44,0.69993,39.7007,42.9369,44.9826
100,0.51,10,38.99,0.685785,39.2558,41.6331,44.5801
100,0.51,11,39.39,0.744262,39.556,42.4364,44.9888
100,0.51,12,41.72,0.736473,42.4138,44.4409,47.0625
100,0.51,13,38.96,0.814521,39.5425,42.9937,45.1321
100,0.51,14,42.36,0.750338,43.0895,45.9211,48.1532
100,0.51,15,40.82,0.748208,40.7699,44.294,46.4146
100,0.51,16,40.82,0.750097,40.9399,44.4501,46.1807
100,0.51,17,40.97,0.705745,42.0949,43.9003,46.0229
100,0.51,18,39.1,0.767459,39.7761,42.2224,44.8119
100,0.51,19,39.72,0.797772,40.1973,43.0735,45.3119
100,0.52,0,41.73,0.742233,42.487,45.684,47.7858
100,0.52,1,41.47,0.789307,40.8869,44.919,47.3167
100,0.52,2,40,0.802387,40.906,43.3558,46.0009
100,0.52,3,38.81,0.706952,38.902,41.113,43.9961
100,0.52,4,39.06,0.705757,39.9811,41.85,43.9533
100,0.52,5,41.76,0.721615,42.7038,45.3801,47.4369
100,0.52,6,39.55,0.691142,40.5022,43.1025,44.8719
100,0.52,7,41.34,0.717734,42.2682,44.993,46.7148
100,0.52,8,39.4,0.786428,39.5272,42.0446,45.1076
100,0.52,9,39.47,0.755968,38.6718,42.6548,45.6788
100,0.52,10,40.07,0.840494,39.9761,44.1547,46.295
100,0.52,11,39.2,0.729563,39.8107,42.2241,44.8028
100,0.52,12,39.45,0.684644,40.6086,41.6442,45.1291
100,0.52,13,40,0.693437,39.3951,43.4002,45.5058
100,0.52,14,40.02,0.733771,39.7434,43.9574,45.6933
100,0.52,15,38.04,0.799419,38.4233,41.4305,43.9665
100,0.52,16,41.72,0.776621,41.3801,44.5168,47.4151
100,0.52,17,39.67,0.788494,39.9446,43.1784,45.5228
100,0.52,18,40.63,0.738138,40.3217,43.7358,46.2563
100,0.52,19,40.85,0.7525,41.6892,44.3861,45.9999
100,0.53,0,40.18,0.693929,40.7956,43.399,45.3719
100,0.53,1,40.2,0.780146,41.0798,43.6719,46.1042
100,0.53,2,40.53,0.702906,40.4301,42.9206,45.2528
100,0.53,3,40.22,0.700113,40.1783,43.9652,46.2366
100,0.53,4,38.65,0.71934,38.0632,42.3743,44.4306
100,0.53,5,42.51,0.697806,42.3044,45.5014,47.9619
100,0.53,6,38.65,0.735129,38.6274,41.7421,44.065
100,0.53,7,40.71,0.733167,41.2134,43.6777,45.7462
100,0.53,8,40.28,0.765545,41.2974,43.8778,45.4758
100,0.53,9,41.39,0.760339,42.1521,45.2034,47.2256
100,0.53,10,39.4,0.728516,40.323,42.4598,45.0501
100,0.53,11,40.78,0.689261,41.37,44.2193,46.2563
100,0.53,12,41.52,0.718063,42.3838,44.5024,46.8929
100,0.53,13,40.38,0.67129,40.889,43.5477,45.4318
100,0.53,14,39.08,0.763042,39.8176,41.914,44.427
100,0.53,15,40.37,0.747916,40.2924,43.5163,45.9554
100,0.53,16,40.59,0.800855,41.3047,44.6406,46.128
100,0.53,17,40.71,0.718322,41.0521,43.7108,46.3772
100,0.53,18,39.46,0.747749,39.0906,42.5401,45.4221
100,0.53,19,39.7,0.746034,40.4795,42.4273,45.2424
100,0.54,0,39.7,0.698652,40.2279,42.8702,45.3392
100,0.54,1,40.39,0.708653,41.2515,42.5378,45.3155
100,0.54,2,39.11,0.748114,39.0257,42.5634,45.0718
100,0.54,3,38.92,0.754974,39.3713,41.9513,44.7104
100,0.54,4,41.01,0.72749,41.5689,43.8279,46.0747
100,0.54,5,38.39,0.769275,38.7622,41.7462,44.255
100,0.54,6,38.69,0.760105,39.5339,41.8625,44.5712
100,0.54,7,39.68,0.656767,40.6163,42.0092,44.9217
100,0.54,8,40.66,0.7185,40.2791,43.6914,46.0009
100,0.54,9,38.52,0.739657,39.7402,41.7619,43.8838
100,0.54,10,39.34,0.720336,40.8018,42.8536,44.7825
100,0.54,11,39.18,0.74652,40.257,43.2223,45.0457
100,0.54,12,41.62,0.706603,41.8501,44.6496,47.1678
100,0.54,13,41.39,0.682446,42.0412,43.8883,46.744
100,0.54,14,39.55,0.726246,39.7771,42.5455,45.0752
100,0.54,15,40.29,0.701133,40.8557,43.1918,45.3859
100,0.54,16,38.59,0.714701,40.1024,41.9584,44.0132
100,0.54,17,41.81,0.718033,42.2833,45.5351,48.0828
100,0.54,18,40.78,0.693685,40.6735,43.6344,46.1378
100,0.54,19,40.9,0.737132,41.6555,43.8475,46.1803
100,0.55,0,40.32,0.742407,40.1461,43.2308,45.9176
100,0.55,1,40.3,0.75369,41.2777,42.7107,45.4988
100,0.55,2,41.35,0.720109,42.0332,44.6921,46.9088
100,0.55,3,40.13,0.714085,40.7272,42.5853,44.9825
100,0.55,4,39.45,0.665437,39.7046,42.2019,44.559
100,0.55,5,41.29,0.718981,42.7701,44.5449,46.1384
100,0.55,6,39.88,0.702058,40.7589,42.9253,45.612
100,0.55,7,43.03,0.709557,42.8389,46.1846,48.8934
100,0.55,8,41.17,0.738748,41.5962,43.9269,46.4467
100,0.55,9,41.68,0.764527,41.8719,44.8135,47.0889
100,0.55,10,40.74,0.684652,41.2314,43.265,45.7335
100,0.55,11,39.29,0.703315,40.6353,42.4223,44.7961
100,0.55,12,39.7,0.724309,40.0881,43.0682,45.6763
100,0.55,13,41.34,0.750876,41.5639,45.1786,47.094
100,0.55,14,42.03,0.665764,42.2658,44.7383,47.4196
100,0.55,15,39.62,0.699976,41.0074,42.7098,44.8235
100,0.55,16,41.23,0.702534,41.7968,44.1261,46.1126
100,0.55,17,40.28,0.796586,39.8713,43.5857,46.074
100,0.55,18,40.57,0.76125,41.4022,44.3552,46.3677
100,0.55,19,41.29,0.711565,41.5738,43.7278,46.5164
100,0.56,0,40.49,0.811735,41.7748,44.1828,45.7764
100,0.56,1,40.71,0.740457,41.4519,43.514,45.3334
100,0.56,2,40.45,0.71385,42.1871,44.6323,46.0882
100,0.56,3,40.94,0.695491,40.6253,44.124,46.2573
100,0.56,4,39.51,0.717659,38.9272,42.554,44.7136
100,0.56,5,41.03,0.752182,40.4096,44.337,45.7651
100,0.56,6,39.48,0.687192,39.2709,42.7947,45.0427
100,0.56,7,40.14,0.684972,39.6768,42.7458,45.2417
100,0.56,8,41.09,0.729786,41.1404,44.7944,46.8331
100,0.56,9,42.31,0.708337,43.0983,45.3745,47.0781
100,0.56,10,39.81,0.752811,41.3841,42.9796,45.1553
100,0.56,11,40.97,0.690035,41.7957,43.8698,46.2417
100,0.56,12,42.36,0.676731,43.513,44.8009,47.4819
100,0.56,13,41.18,0.711021,41.5184,43.911,46.3851
100,0.56,14,40,0.744645,40.0867,43.561,45.3997
100,0.56,15,40.03,0.734659,40.9567,43.4226,45.5066
100,0.56,16,39.37,0.709271,40.0371,42.6387,44.7261
100,0.56,17,40.15,0.707614,40.834,43.6378,45.4258
100,0.56,18,40.95,0.720404,41.9825,44.2353,46.2086
100,0.56,19,42.06,0.688153,42.6938,44.5817,46.799
100,0.57,0,40.56,0.657298,41.6081,42.9745,45.2473
100,0.57,1,40.69,0.736407,40.9952,43.6835,46.0822
100,0.57,2,41.45,0.748738,41.3127,43.7329,46.3877
100,0.57,3,41.15,0.746429,41.3121,43.7801,45.9758
100,0.57,4,40.87,0.767351,41.4054,43.9243,45.9314
100,0.57,5,40.02,0.746441,40.4426,42.6965,45.2857
100,0.57,6,41.02,0.69906,41.5161,44.6347,46.3381
100,0.57,7,38.96,0.693145,40.2408,41.9691,44.3896
100,0.57,8,41.17,0.747905,41.2174,43.4803,46.5013
100,0.57,9,38.49,0.671265,38.8846,41.0627,43.1116
100,0.57,10,40.53,0.779785,40.7638,44.1268,46.3265
100,0.57,11,41.84,0.733302,42.6232,44.0319,47.3736
100,0.57,12,41.21,0.702014,41.4819,43.5905,46.0572
100,0.57,13,40.52,0.749186,41.3128,44.2253,45.9314
100,0.57,14,38.6,0.784349,38.6873,41.0611,43.9324
100,0.57,15,40.47,0.724914,40.0423,42.9939,45.7596
100,0.57,16,40.08,0.745286,40.0779,42.1287,44.6276
100,0.57,17,40.59,0.672343,39.7561,43.8565,46.129
100,0.57,18,39.25,0.745041,40.29,41.902,44.9806
100,0.57,19,39.93,0.716087,40.2151,43.2696,45.0092
100,0.58,0,41.56,0.713688,41.2763,44.728,46.9778
100,0.58,1,39.21,0.693722,40.7246,41.5261,44.5872
100,0.58,2,40.98,0.683469,40.9361,43.4457,45.9766
100,0.58,3,40.48,0.732409,40.6607,43.1124,45.6227
100,0.58,4,39.72,0.677354,39.4671,42.0263,44.7168
100,0.58,5,40.98,0.75703,42.1985,43.9774,46.4792
100,0.58,6,41.09,0.679128,40.8888,43.9577,45.7396
100,0.58,7,40.39,0.812095,41.7577,43.1219,45.9596
100,0.58,8,41.04,0.77146,41.9346,44.0728,46.406
100,0.58,9,41.1,0.680776,41.5969,44.3049,46.0647
100,0.58,10,39.87,0.729934,40.1498,43.0641,45.1912
100,0.58,11,39.91,0.67745,39.9549,42.2322,44.9542
100,0.58,12,40.43,0.651064,40.2738,42.7003,45.0735
100,0.58,13,39.69,0.677093,39.5311,42.1663,44.5536
100,0.58,14,39.99,0.746058,40.0055,43.1485,45.7646
100,0.58,15,40.04,0.756223,40.1854,42.7575,45.2173
100,0.58,16,41.95,0.701335,42.3795,45.2472,47.1811
100,0.58,17,41.2,0.725088,41.1019,44.4789,46.5247
100,0.58,18,39.32,0.742741,38.9878,41.9227,43.4905
100,0.58,19,38.67,0.694958,38.8499,40.6902,43.2598
100,0.59,0,41.71,0.724186,41.8558,43.8671,46.6845
100,0.59,1,41.32,0.729953,41.8838,42.6698,45.9895
100,0.59,2,41.02,0.744493,40.7431,43.3639,45.9721
100,0.59,3,38.84,0.706085,38.5463,41.249,43.6612
100,0.59,4,41.05,0.688929,42.6101,44.0202,46.2657
100,0.59,5,40.71,0.694268,41.7912,43.5904,45.9509
100,0.59,6,40.04,0.732375,39.8331,42.8615,45.1745
100,0.59,7,40.07,0.699073,40.3245,43.0126,45.0632
100,0.59,8,41.27,0.676405,42.2239,43.651,46.1776
100,0.59,9,40.49,0.743774,41.2956,43.3985,45.7673
100,0.59,10,39.22,0.667765,39.7945,41.769,44.1485
100,0.59,11,41.4,0.667633,42.0289,44.5369,46.4811
100,0.59,12,41.12,0.741804,42.3269,44.3391,46.2883
100,0.59,13,39.74,0.680552,40.7595,42.6345,44.4799
100,0.59,14,42.79,0.713194,43.2434,45.6685,47.5584
100,0.59,15,40.64,0.676366,41.4513,42.5541,45.0769
100,0.59,16,40.82,0.751882,40.5353,44.0117,45.7902
100,0.59,17,40.58,0.743408,41.5697,43.4441,45.4863
100,0.59,18,42.04,0.707268,42.5866,44.8201,47.1006
100,0.59,19,40.94,0.683305,41.3989,43.7214,45.5794
100,0.6,0,39.86,0.737294,40.6084,43.071,45.0715
100,0.6,1,39.36,0.690729,40.7323,42.2177,44.1683
100,0.6,2,39.92,0.679181,40.2517,42.9773,44.8133
100,0.6,3,41.29,0.688456,40.9587,43.6735,46.4686
100,0.6,4,41.56,0.734799,42.2167,44.5124,46.9641
100,0.6,5,39.58,0.72814,39.8695,42.647,44.8689
100,0.6,6,40.63,0.720117,41.1642,43.051,45.6366
100,0.6,7,40.11,0.713121,40.9321,43.8255,45.3195
100,0.6,8,42.31,0.648942,43.8525,44.9651,47.0172
100,0.6,9,41.51,0.729971,41.8772,44.2941,46.6331
100,0.6,10,39.57,0.682478,40.396,42.0918,44.9427
100,0.6,11,40.53,0.777634,41.0718,43.4824,45.5761
100,0.6,12,42.75,0.692525,42.9605,44.8994,47.0546
100,0.6,13,39.74,0.711311,40.676,42.604,44.895
100,0.6,14,40.8,0.771045,40.9262,43.2037,45.4701
100,0.6,15,38.62,0.738438,38.666,41.4594,43.6857
100,0.6,16,39.79,0.65381,39.6486,42.0352,44.5149
100,0.6,17,41.11,0.733395,41.2664,43.8151,45.953
100,0.6,18,40.27,0.779501,41.4219,42.6835,45.099
100,0.6,19,40.14,0.711078,42.3302,42.1847,45.4156
100,0.61,0,39.33,0.708937,39.963,42.1584,44.1397
100,0.61,1,41.75,0.730225,41.9383,44.5695,46.9438
100,0.61,2,40.18,0.715437,40.3742,43.2397,45.4146
100,0.61,3,42.02,0.658604,42.6685,44.0589,46.1744
100,0.61,4,40.55,0.649149,41.6238,43.1349,45.6515
100,0.61,5,41.53,0.725963,42.6979,44.3053,46.5313
100,0.61,6,42.01,0.68994,42.2311,44.416,47.0608
100,0.61,7,40.08,0.663357,41.2959,41.9226,44.8833
100,0.61,8,41.11,0.752017,41.7454,44.0442,46.2861
100,0.61,9,40.75,0.659298,41.4936,43.6747,46.1947
100,0.61,10,40.84,0.689902,41.2082,44.0892,46.2602
100,0.61,11,40.21,0.698865,39.879,42.8968,45.1366
100,0.61,12,41.14,0.711846,41.413,43.3488,46.2708
100,0.61,13,40.47,0.68653,40.6233,43.4604,45.32
100,0.61,14,40.34,0.761621,40.5007,43.4095,45.6382
100,0.61,15,40.86,0.70148,41.674,43.5347,45.7663
100,0.61,16,40.56,0.67039,41.8256,43.0884,45.5226
100,0.61,17,40.49,0.716622,41.7936,43.0142,45.5603
100,0.61,18,40.57,0.765324,40.8945,43.5548,45.2123
100,0.61,19,40.79,0.686698,41.6925,43.0871,45.4602
100,0.62,0,40.78,0.661476,41.4858,43.3051,45.568
100,0.62,1,39.86,0.658888,40.2555,42.0508,44.5951
100,0.62,2,42.02,0.666049,41.9192,44.5578,46.2188
100,0.62,3,41.15,0.719495,41.4088,43.9051,45.9889
100,0.62,4,40.3,0.673486,40.6441,42.5505,44.8376
100,0.62,5,41.11,0.707143,41.6349,43.0677,45.1383
100,0.62,6,40.9,0.654685,41.6351,43.2488,45.4711
100,0.62,7,40.04,0.695687,39.9196,43.2848,45.0265
100,0.62,8,41.35,0.725688,40.871,43.7066,46.0526
100,0.62,9,41.04,0.71004,42.0823,43.4762,45.6744
100,0.62,10,40.96,0.649678,41.3344,43.0944,45.5202
100,0.62,11,42.2,0.723316,42.1492,44.6005,46.6853
100,0.62,12,42.2,0.72455,43.051,45.3051,47.0919
100,0.62,13,41.03,0.677223,41.063,43.2613,45.8243
100,0.62,14,41.49,0.684874,40.8843,44.6949,46.3099
100,0.62,15,41.07,0.706274,41.338,43.724,46.0205
100,0.62,16,40.22,0.64396,41.3647,42.5504,44.654
100,0.62,17,41.21,0.705488,41.6451,43.9664,46.0507
100,0.62,18,41.37,0.664938,41.19,43.8436,46.0884
100,0.62,19,40.72,0.631715,42.2462,43.817,45.7892
100,0.63,0,40.93,0.728613,41.4362,43.4135,45.8569
100,0.63,1,41.76,0.626312,42.2038,44.5578,46.4175
100,0.63,2,41.83,0.698737,41.6469,44.0172,46.7817
100,0.63,3,40.47,0.691457,41.289,41.7505,44.7474
100,0.63,4,41.11,0.726755,41.7586,43.2755,45.757
100,0.63,5,40.62,0.734132,41.1404,43.1477,4.29568e-309
100,0.63,6,41.83,0.711818,42.7697,44.3865,46.7763
100,0.63,7,41.13,0.658052,41.1015,42.6427,45.6825
100,0.63,8,41.36,0.693136,42.1321,43.6251,45.8129
100,0.63,9,40.84,0.677177,40.311,43.2521,44.8026
100,0.63,10,41.68,0.721154,42.1458,44.462,46.1903
100,0.63,11,40.14,0.765576,40.0848,43.3846,45.3698
100,0.63,12,40.6,0.688217,40.5359,43.5855,45.1109
100,0.63,13,40.69,0.707314,41.0769,42.8844,44.921
100,0.63,14,40.56,0.732622,41.7438,44.0023,45.6002
100,0.63,15,40.67,0.699698,41.9458,43.3925,45.5561
100,0.63,16,40.86,0.673256,41.4985,43.4443,45.5397
100,0.63,17,41.02,0.743711,42.0502,42.9539,45.9894
100,0.63,18,40.91,0.693546,40.9084,44.1419,45.5494
100,0.63,19,41.12,0.713415,42.0535,43.4435,45.6274
100,0.64,0,40.68,0.689565,40.5848,43.6316,45.6457
100,0.64,1,42.22,0.705376,43.1441,44.4025,47.1132
100,0.64,2,40.64,0.718927,42.6354,43.159,45.1291
100,0.64,3,41.54,0.677746,42.4144,43.4749,46.2318
100,0.64,4,39.11,0.683825,39.4116,41.36,43.7488
100,0.64,5,42.27,0.691212,42.5127,45.4251,46.8943
100,0.64,6,40.99,0.696781,42.143,42.8908,45.8772
100,0.64,7,39.74,0.674005,40.3209,42.517,44.5589
100,0.64,8,41.66,0.648313,41.9038,43.9598,46.0709
100,0.64,9,42.51,0.691412,43.8149,45.0202,46.9899
100,0.64,10,40.33,0.732349,40.3086,42.9703,45.0045
100,0.64,11,40.39,0.704126,41.4002,42.4444,44.8214
100,0.64,12,39.81,0.700705,40.1561,42.4655,44.6985
100,0.64,13,40.71,0.69797,42.0674,43.0621,45.2947
100,0.64,14,41.04,0.718033,41.0938,43.2208,46.1285
100,0.64,15,40.82,0.681155,41.6857,44.045,45.3096
100,0.64,16,40.54,0.670457,41.6608,43.1974,45.1695
100,0.64,17,41.6,0.665344,42.6093,43.9506,45.9257
100,0.64,18,41.24,0.679084,40.9404,43.9911,46.4159
100,0.64,19,41.51,0.719995,41.7754,44.5213,46.3177
100,0.65,0,39.94,0.666707,39.6141,42.0912,44.5222
100,0.65,1,41.48,0.722904,41.8951,43.5088,45.9931
100,0.65,2,40.98,0.713837,41.7302,43.856,45.9542
100,0.65,3,42.15,0.775572,43.0343,44.6849,46.4234
100,0.65,4,41.53,0.650602,41.8468,43.3391,46.0448
100,0.65,5,41.04,0.596893,41.8037,42.2428,45.1966
100,0.65,6,41.61,0.690605,41.8107,44.2196,46.1045
100,0.65,7,40.5,0.721837,41.9081,42.3304,44.8237
100,0.65,8,39.83,0.660903,40.4579,42.3802,44.385
100,0.65,9,40.89,0.655505,41.064,43.2406,45.4581
100,0.65,10,41.77,0.714431,42.0438,43.4299,46.6015
100,0.65,11,41.75,0.681451,43.0535,44.1596,45.8671
100,0.65,12,41.23,0.760068,42.0886,43.3119,45.8942
100,0.65,13,41.61,0.714315,42.3184,44.6066,46.6735
100,0.65,14,40.5,0.667342,41.0322,43.0766,45.0762
100,0.65,15,42.03,0.642926,43.1221,44.5991,46.3531
100,0.65,16,40.38,0.651175,41.4068,42.9862,45.0514
100,0.65,17,41.72,0.7183,43.8365,44.481,46.2689
100,0.65,18,41.36,0.654442,41.0702,44.0441,45.8547
100,0.65,19,40.24,0.653445,41.1104,42.4089,44.6906
100,0.66,0,42.48,0.687434,43.4176,44.5905,47.023
100,0.66,1,41.75,0.663867,43.0014,43.6803,46.3522
100,0.66,2,41.02,0.733596,40.4038,43.4849,45.5574
100,0.66,3,41,0.689711,41.453,42.8081,45.5224
100,0.66,4,42.02,0.663492,41.8933,44.6556,46.4579
100,0.66,5,41.98,0.706708,42.8618,44.2648,46.4126
100,0.66,6,42.25,0.706227,42.2034,44.4878,46.6153
100,0.66,7,41.93,0.703596,42.3715,44.3983,46.6931
100,0.66,8,42.13,0.725746,42.1493,43.9858,46.3453
100,0.66,9,41.53,0.65522,42.2264,43.1104,45.9953
100,0.66,10,41.47,0.741147,41.6218,44.2033,46.1113
100,0.66,11,41.14,0.720386,41.5469,43.7244,45.4194
100,0.66,12,40.38,0.721677,41.9024,42.6196,45.1693
100,0.66,13,40.7,0.673585,41.0486,43.1405,45.1094
100,0.66,14,40.7,0.680498,41.7054,43.1242,45.3575
100,0.66,15,42.46,0.697269,42.6375,44.873,46.9051
100,0.66,16,41.64,0.65469,42.4903,43.4064,46.1171
100,0.66,17,40.01,0.697042,40.6516,42.5127,44.3922
100,0.66,18,41.97,0.736077,43.0726,43.8019,46.2062
100,0.66,19,40.18,0.708332,40.8675,41.8737,44.8195
100,0.67,0,41.35,0.742693,40.8788,44.5974,46.4415
100,0.67,1,41.13,0.700749,41.468,43.34,45.1035
100,0.67,2,41.43,0.648087,41.4806,44.4828,45.5304
100,0.67,3,41.38,0.720968,41.75,43.7524,46.101
100,0.67,4,41.38,0.691962,41.7794,43.6032,46.0105
100,0.67,5,41.84,0.68168,41.7176,43.8554,45.6709
100,0.67,6,41.32,0.740786,41.8353,43.584,46.061
100,0.67,7,41.31,0.700621,41.8271,43.0103,45.59
100,0.67,8,40.71,0.67212,40.7655,42.3335,44.9451
100,0.67,9,40.83,0.718093,41.1393,43.0365,45.3208
100,0.67,10,41.89,0.701018,41.9682,44.1394,46.3244
100,0.67,11,40.84,0.675656,41.9184,42.6535,45.2608
100,0.67,12,41.46,0.675591,42.5047,43.7703,46.0283
100,0.67,13,42.16,0.676517,43.6062,44.6572,46.1499
100,0.67,14,40.71,0.679238,40.8762,43.3528,44.8944
100,0.67,15,40.88,0.667793,41.2116,42.6544,45.2903
100,0.67,16,40.94,0.669661,41.7843,43.6081,45.641
100,0.67,17,41.59,0.692158,42.7589,44.0392,45.9331
100,0.67,18,41.81,0.70949,42.4079,44.2287,46.1301
100,0.67,19,41.91,0.740941,42.2175,44.4953,46.5302
100,0.68,0,42.2,0.641025,43.4084,44.0036,46.2921
100,0.68,1,42.15,0.644077,43.3149,44.1342,46.8033
100,0.68,2,39.89,0.675061,40.6388,41.9281,44.3072
100,0.68,3,41.6,0.684114,42.1559,42.6203,45.7414
100,0.68,4,41.83,0.650776,41.9993,43.0472,45.982
100,0.68,5,40.97,0.645589,41.3112,41.8632,44.8905
100,0.68,6,41.45,0.697825,41.8578,44.241,46.0083
100,0.68,7,41.49,0.654529,41.7178,43.9098,46.0576
100,0.68,8,41.13,0.677744,42.04,43.1667,45.5323
100,0.68,9,41.59,0.698494,41.8099,43.6,45.9467
100,0.68,10,40.44,0.728898,40.5748,42.265,44.8316
100,0.68,11,42.15,0.708587,43.2886,44.1178,46.5424
100,0.68,12,41.66,0.693872,42.6804,43.8786,46.1853
100,0.68,13,42.55,0.742129,42.2329,44.8219,47.0254
100,0.68,14,41.43,0.671389,41.2077,44.3626,46.0004
100,0.68,15,42.53,0.764821,42.7738,44.0831,46.9481
100,0.68,16,41.35,0.667568,41.8884,43.7242,45.8349
100,0.68,17,42.01,0.683745,42.6818,44.7587,46.2504
100,0.68,18,41.59,0.666909,41.9062,44.1909,45.3827
100,0.68,19,41.63,0.736775,42.3942,44.529,46.3207
100,0.69,0,41.71,0.627814,41.646,43.6982,45.9067
100,0.69,1,41.62,0.691563,42.4829,43.4416,46.0395
100,0.69,2,41.02,0.671274,40.5842,42.9591,44.8738
100,0.69,3,41.67,0.703904,42.1989,44.124,46.0963
100,0.69,4,41.17,0.692912,41.8191,43.3113,45.4933
100,0.69,5,42.27,0.655494,41.7146,44.3714,46.5781
100,0.69,6,41.79,0.676062,42.299,44.0083,45.9149
100,0.69,7,41.7,0.691666,41.8914,43.676,45.5008
100,0.69,8,43.05,0.648837,43.6111,44.6674,47.1622
100,0.69,9,42.08,0.695247,42.2444,44.1594,46.6886
100,0.69,10,42.24,0.665292,43.0499,43.011,46.256
100,0.69,11,41.93,0.734598,41.7484,44.3374,46.2889
100,0.69,12,40.86,0.6288,41.5044,43.312,45.015
100,0.69,13,42.09,0.710762,42.1273,44.3251,46.4815
100,0.69,14,41.94,0.711021,42.5211,44.2956,46.4343
100,0.69,15,41.48,0.673666,42.2968,44.1509,46.0725
100,0.69,16,41.65,0.650107,42.0373,43.0188,45.7066
100,0.69,17,41.84,0.721739,41.8938,43.9113,45.9221
100,0.69,18,42.15,0.715741,42.839,44.7175,46.5811
100,0.69,19,42.01,0.652055,41.947,44.5385,46.3006
100,0.7,0,41.7,0.64107,41.6045,43.2636,45.8201
100,0.7,1,42.24,0.721486,42.0096,44.55,46.684
100,0.7,2,42.82,0.705897,43.6687,45.2148,47.1867
100,0.7,3,41.82,0.696117,42.9037,43.5806,46.1009
100,0.7,4,40.86,0.663025,41.644,42.7056,44.8195
100,0.7,5,42.87,0.702623,43.3366,44.8219,47.0502
100,0.7,6,41.14,0.718802,41.8492,43.0859,45.6253
100,0.7,7,41.84,0.69065,43.0503,44.1418,46.1158
100,0.7,8,42.41,0.630965,43.3958,44.2673,46.0881
100,0.7,9,41.17,0.669059,42.3978,43.0505,45.1556
100,0.7,10,41.79,0.728098,42.3597,44.5,45.9755
100,0.7,11,41.55,0.667968,42.0707,43.4567,45.9578
100,0.7,12,42.36,0.726769,43.5987,44.1446,46.5804
100,0.7,13,40.76,0.660285,40.9929,42.6457,44.4841
100,0.7,14,41.86,0.70367,42.357,44.0457,46.1478
100,0.7,15,41.27,0.660939,42.0782,43.515,45.4552
100,0.7,16,40.98,0.706662,41.6,43.3676,44.9287
100,0.7,17,41.91,0.685878,42.4543,43.8974,46.1361
100,0.7,18,41.15,0.661293,41.513,42.715,45.4094
100,0.7,19,41.6,0.704618,42.5377,43.3401,46.0053
100,0.71,0,41.87,0.586313,41.9068,44.4385,45.8627
100,0.71,1,42.57,0.703802,43.0355,43.894,46.4785
100,0.71,2,41.62,0.742542,42.0357,43.7705,45.5277
100,0.71,3,42.02,0.670507,42.9957,44.1772,46.1571
100,0.71,4,42.97,0.708836,43.1817,44.909,47.2918
100,0.71,5,42.65,0.723524,43.3419,44.3053,46.9689
100,0.71,6,41.4,0.701659,41.993,43.5277,45.7302
100,0.71,7,41.25,0.712438,41.922,42.6646,45.402
100,0.71,8,42.46,0.678384,43.0194,43.2285,46.0299
100,0.71,9,41.41,0.662372,41.1607,43.1351,45.2956
100,0.71,10,42.01,0.724742,42.6874,43.5039,46.0341
100,0.71,11,43.07,0.723531,43.6107,44.7978,47.3865
100,0.71,12,42.11,0.66712,42.2807,44.172,46.5018
100,0.71,13,41.84,0.652638,42.0033,43.9274,46.1261
100,0.71,14,41.9,0.668749,42.8319,43.7476,45.8185
100,0.71,15,42.09,0.730029,42.7844,44.8019,46.4807
100,0.71,16,42.12,0.70189,42.6553,44.2937,46.0837
100,0.71,17,42.46,0.701727,43.2263,44.1672,46.539
100,0.71,18,41.09,0.688985,40.8555,42.6371,45.3569
100,0.71,19,41.81,0.68472,42.4011,43.1884,45.7843
100,0.72,0,42.82,0.677419,43.6192,44.8775,46.5714
100,0.72,1,42.26,0.660189,42.1004,43.6406,46.3084
100,0.72,2,40.81,0.656107,40.7629,42.3529,44.6801
100,0.72,3,41.67,0.658884,41.9957,43.8733,46.0937
100,0.72,4,41.55,0.657272,42.7486,43.7401,45.8951
100,0.72,5,41.07,0.705727,40.9221,43.5168,45.2326
100,0.72,6,40.97,0.710462,42.0562,42.8831,44.965
100,0.72,7,41.65,0.675444,43.1544,43.3602,45.9775
100,0.72,8,41.42,0.686534,42.183,43.5609,45.5554
100,0.72,9,41.82,0.619481,42.292,44.2108,45.8852
100,0.72,10,42.7,0.675258,42.9912,44.4019,46.726
100,0.72,11,41.77,0.609967,42.3753,44.2496,45.6288
100,0.72,12,41.55,0.688483,42.3999,42.9051,45.632
100,0.72,13,42.05,0.72306,42.3248,43.7624,45.8334
100,0.72,14,41.72,0.708487,42.9639,43.8469,45.9022
100,0.72,15,41.67,0.638604,42.3036,43.8576,45.5796
100,0.72,16,42.77,0.704328,43.547,44.3053,46.4652
100,0.72,17,41.23,0.707457,41.4537,42.7513,45.2326
100,0.72,18,41.47,0.697408,42.414,43.1444,45.6072
100,0.72,19,42.1,0.659101,41.4825,44.1225,46.3161
100,0.73,0,41.68,0.632315,42.1635,43.097,45.3369
100,0.73,1,42.03,0.684207,41.9259,44.083,45.9592
100,0.73,2,42,0.655945,42.9317,43.4448,45.6879
100,0.73,3,41.78,0.702963,42.0447,43.9237,45.5895
100,0.73,4,41.94,0.642618,42.1042,43.3237,46.0219
100,0.73,5,42.66,0.65132,42.4837,45.0652,46.3237
100,0.73,6,41.88,0.688155,43.0605,43.6631,46.0073
100,0.73,7,42.71,0.613709,43.6447,44.2187,46.6905
100,0.73,8,42.2,0.65712,42.5107,43.3438,45.8425
100,0.73,9,42.95,0.727348,43.1387,44.7553,46.3043
100,0.73,10,42,0.666003,42.5196,43.7074,45.8742
100,0.73,11,41.2,0.678369,41.5249,42.4204,45.2746
100,0.73,12,41.72,0.689606,42.0051,43.3805,45.8081
100,0.73,13,42.15,0.652153,42.6383,44.3862,46.0253
100,0.73,14,41.14,0.722671,42.0217,43.1232,45.1363
100,0.73,15,42.9,0.668577,42.7745,43.5785,46.3697
100,0.73,16,41.18,0.676762,41.9594,42.3379,44.8522
100,0.73,17,42.84,0.700142,43.7991,45.5982,46.6981
100,0.73,18,41.61,0.72979,41.8444,43.5012,45.5899
100,0.73,19,40.6,0.653889,41.1158,42.2476,44.4838
100,0.74,0,41.68,0.630433,42.3451,43.0859,45.3809
100,0.74,1,42.53,0.710938,43.1164,44.7264,46.3869
100,0.74,2,42.15,0.680982,42.8203,44.2691,46.2578
100,0.74,3,41.72,0.598575,42.4407,43.8074,45.5968
100,0.74,4,41.56,0.662291,41.5406,42.9841,45.5755
100,0.74,5,41.45,0.65238,41.4348,42.6171,45.2839
100,0.74,6,42.54,0.64508,43.4575,45.0374,46.3755
100,0.74,7,42.75,0.621385,43.8463,43.9721,46.5108
100,0.74,8,42.7,0.691115,43.2406,44.7104,46.8255
100,0.74,9,42.62,0.692719,43.6372,44.779,46.4054
100,0.74,10,42.39,0.649238,42.5251,43.4887,46.0306
100,0.74,11,41.47,0.667606,42.0157,42.8925,45.5471
100,0.74,12,42.6,0.706159,43.3672,44.1426,46.5001
100,0.74,13,42.47,0.692875,43.3729,44.4317,46.3977
100,0.74,14,42.72,0.712408,43.1283,44.4602,46.7973
100,0.74,15,42.66,0.680767,43.4323,43.9219,46.4137
100,0.74,16,42.34,0.679254,42.8659,44.264,46.0939
100,0.74,17,42.08,0.740717,43.47,44.2194,46.1342
100,0.74,18,41.75,0.721347,41.9079,42.6156,46.0707
100,0.74,19,41.66,0.676752,41.5708,43.1606,45.3547
100,0.75,0,42.54,0.668005,43.3877,43.6237,46.1121
100,0.75,1,41.87,0.675093,41.9837,42.4133,45.6654
100,0.75,2,41.89,0.673519,42.522,43.7489,45.5083
100,0.75,3,41.38,0.680627,42.2526,42.8438,45.2655
100,0.75,4,43.09,0.651124,43.4438,44.4863,47.1098
100,0.75,5,42,0.650498,41.7965,44.3196,46.0276
100,0.75,6,42.22,0.718493,44.1935,44.106,46.1192
100,0.75,7,42.95,0.724465,44.1162,44.2423,46.8972
100,0.75,8,42.35,0.678479,42.1035,44.2947,46.1204
100,0.75,9,42.42,0.628562,43.0753,44.5505,46.3371
100,0.75,10,42.59,0.664995,42.491,44.0753,46.1611
100,0.75,11,43.5,0.638802,44.0082,44.9871,47.4023
100,0.75,12,42.06,0.640021,42.2426,44.0489,45.6642
100,0.75,13,42.6,0.649569,42.2543,44.175,46.5333
100,0.75,14,41.78,0.666531,42.1877,43.6938,45.8796
100,0.75,15,42.25,0.733013,42.3179,44.0061,46.2214
100,0.75,16,42.84,0.651145,42.4989,44.8749,46.5092
100,0.75,17,43.66,0.657515,44.3563,45.1711,47.4189
100,0.75,18,43.25,0.660372,43.9973,44.6632,46.9165
100,0.75,19,41.19,0.680963,40.6917,42.1787,45.1331
100,0.76,0,42.56,0.636481,42.7212,44.2661,45.9003
100,0.76,1,42.12,0.646756,42.0816,43.4132,45.8023
100,0.76,2,42.15,0.745224,42.7975,43.9863,46.0104
100,0.76,3,42.69,0.632882,43.1353,44.021,46.2864
100,0.76,4,43.56,0.634435,44.6469,45.0448,47.4307
100,0.76,5,41.9,0.714911,42.277,44.0651,45.8879
100,0.76,6,42.72,0.704362,43.3552,44.1725,46.5054
100,0.76,7,42.17,0.724017,43.4074,43.8502,45.9431
100,0.76,8,41.86,0.650101,42.7303,43.9515,45.6813
100,0.76,9,41.87,0.667245,41.8224,43.9054,45.9561
100,0.76,10,42.47,0.659114,42.3868,44.7334,45.9245
100,0.76,11,42.52,0.68422,43.5115,45.2201,46.3891
100,0.76,12,43.11,0.665389,42.973,44.9933,47.0658
100,0.76,13,42.55,0.700175,42.4175,43.5706,46.212
100,0.76,14,42.67,0.683113,43.6841,44.4554,46.5978
100,0.76,15,42.8,0.655274,42.0338,44.0366,46.6325
100,0.76,16,43.31,0.662079,44.7043,45.3501,47.0812
100,0.76,17,43.81,0.649936,44.3185,46.0072,47.393
100,0.76,18,43,0.684288,43.5287,45.1729,46.6598
100,0.76,19,42.56,0.653586,42.8463,44.0876,45.8315
100,0.77,0,42.12,0.652548,42.4786,44.6564,45.867
100,0.77,1,42.14,0.700701,43.0321,43.8586,45.9401
100,0.77,2,42.68,0.68915,43.3777,44.6688,46.5001
100,0.77,3,42.52,0.71051,43.221,44.1808,46.4649
100,0.77,4,42.99,0.635672,43.5242,44.6308,47.1276
100,0.77,5,43.17,0.676532,43.3078,44.8923,46.6583
100,0.77,6,41.76,0.675673,42.2086,43.8988,45.7359
100,0.77,7,42.37,0.692129,42.8573,44.1723,46.2356
100,0.77,8,41.72,0.701676,42.352,43.1717,45.5025
100,0.77,9,41.96,0.694635,42.8079,43.5871,45.5051
100,0.77,10,43.37,0.64393,44.9647,44.9541,46.9866
100,0.77,11,42.67,0.654716,43.0698,44.1338,46.3605
100,0.77,12,42.85,0.61922,42.2132,44.9071,46.5057
100,0.77,13,42.15,0.686725,42.0649,43.5058,45.7657
100,0.77,14,42.79,0.724112,42.7779,44.3459,46.3877
100,0.77,15,43.95,0.632802,44.7795,45.4335,47.6632
100,0.77,16,42.99,0.675184,43.552,44.4202,46.535
100,0.77,17,42.26,0.622554,43.0917,44.606,46.1386
100,0.77,18,42.73,0.678951,43.6346,44.6402,46.4926
100,0.77,19,41.29,0.718303,41.8767,43.7161,45.3695
100,0.78,0,43.76,0.678387,43.5672,45.4325,47.1044
100,0.78,1,42.04,0.681027,43.6281,43.3609,46.0985
100,0.78,2,43.13,0.669007,43.5662,44.2139,46.7619
100,0.78,3,43.54,0.70631,44.7586,45.1606,47.1033
100,0.78,4,43.61,0.628117,43.9415,44.4995,46.9503
100,0.78,5,42.62,0.673097,43.5054,44.0733,46.1599
100,0.78,6,42.46,0.61536,43.1124,44.242,46.1225
100,0.78,7,42.08,0.694851,43.164,43.1788,46.0274
100,0.78,8,43.36,0.644341,44.5538,44.6828,46.7069
100,0.78,9,42.75,0.68175,43.1309,44.1403,46.452
100,0.78,10,42.33,0.719419,43.1284,44.034,46.0081
100,0.78,11,42.48,0.641891,43.3283,43.983,45.6389
100,0.78,12,42.08,0.677231,42.1177,43.5307,45.8009
100,0.78,13,42.26,0.7206,42.2338,43.5083,46.3937
100,0.78,14,41.77,0.678866,43.0638,44.0461,45.2796
100,0.78,15,42.62,0.646015,43.6572,44.1523,46.3676
100,0.78,16,43.62,0.653711,43.1683,45.8239,47.4101
100,0.78,17,42.96,0.689548,43.7139,45.2395,46.6479
100,0.78,18,43.65,0.645091,44.708,44.9362,47.1607
100,0.78,19,42.65,0.714174,43.1706,44.4901,46.2508
100,0.79,0,42.35,0.690144,43.7896,43.9393,45.9684
100,0.79,1,42.79,0.604242,42.9184,43.5439,46.054
100,0.79,2,42.87,0.654923,42.829,44.5126,46.6332
100,0.79,3,43.04,0.684732,42.6947,44.8951,46.6923
100,0.79,4,43.51,0.666672,44.4458,44.8839,47.2725
100,0.79,5,42.99,0.629101,43.4869,44.4867,46.154
100,0.79,6,42.99,0.681824,43.7533,44.7968,46.7058
100,0.79,7,42.55,0.663295,43.5012,43.7679,46.1443
100,0.79,8,43.19,0.651681,43.973,45.3926,46.7715
100,0.79,9,42.95,0.620099,43.4535,44.6908,46.3392
100,0.79,10,43.08,0.716924,44.7715,44.5829,46.6705
100,0.79,11,43.35,0.676925,44.1334,44.312,46.9324
100,0.79,12,43.32,0.630975,43.942,44.9342,46.8849
100,0.79,13,42.44,0.64516,42.3289,44.2059,46.0673
100,0.79,14,42.38,0.674048,42.5991,43.8909,46.03
100,0.79,15,43.21,0.772156,43.7341,44.7764,46.7271
100,0.79,16,42.46,0.699375,42.4401,44.0867,46.2647
100,0.79,17,42.4,0.663453,42.545,43.8645,45.8417
100,0.79,18,42.92,0.655801,42.9906,44.1455,46.3563
100,0.79,19,42.66,0.722068,42.9765,44.8313,46.2192
100,0.8,0,43.85,0.643174,45.1985,44.7553,47.3078
100,0.8,1,41.83,0.638401,41.6709,43.7722,45.3881
100,0.8,2,42.89,0.732507,44.3918,44.7279,46.2448
100,0.8,3,42.83,0.685574,43.6426,44.4265,46.517
100,0.8,4,43.01,0.660039,43.382,44.1016,46.7792
100,0.8,5,43.04,0.6552,43.536,44.5948,46.472
100,0.8,6,42.67,0.683653,44.1211,44.4448,46.4799
100,0.8,7,43.27,0.718488,43.7577,44.3004,46.7182
100,0.8,8,43.18,0.66349,43.9927,44.0666,46.6741
100,0.8,9,42.87,0.707923,42.7518,43.8681,46.6094
100,0.8,10,42.57,0.65826,43.4647,43.2405,46.2913
100,0.8,11,42.84,0.652161,43.4636,44.5493,46.257
100,0.8,12,42.73,0.720681,43.4805,43.8606,46.3904
100,0.8,13,42.49,0.674953,42.658,44.2233,45.7369
100,0.8,14,43.01,0.638181,43.2903,44.9361,46.1609
100,0.8,15,43.18,0.71382,43.7363,44.649,46.617
100,0.8,16,42.42,0.6868,42.8459,44.0017,45.5393
100,0.8,17,42.89,0.664821,43.8332,44.3966,46.3066
100,0.8,18,42.59,0.659199,42.8832,44.0216,46.0758
100,0.8,19,43.48,0.641445,44.3505,44.5354,46.9002
100,0.81,0,43.21,0.70722,43.3337,44.5878,46.5989
100,0.81,1,42.99,0.655538,42.8761,44.6976,46.3945
100,0.81,2,43.74,0.681139,44.2581,45.2926,47.4441
100,0.81,3,42.94,0.640279,42.5652,44.4551,46.2826
100,0.81,4,42.87,0.713279,43.3141,44.4325,46.6201
100,0.81,5,43.51,0.671999,44.7317,44.3558,46.892
100,0.81,6,43.34,0.675435,43.4412,44.5475,46.9874
100,0.81,7,42.51,0.694785,43.2042,44.0048,45.906
100,0.81,8,43.15,0.676756,44.1172,44.4215,46.6339
100,0.81,9,43.46,0.655561,44.3112,43.8349,46.9216
100,0.81,10,43.05,0.623958,43.4179,44.5399,46.5841
100,0.81,11,43.57,0.639064,44.4706,45.1431,46.9153
100,0.81,12,42.33,0.707315,43.2206,43.9134,46.0085
100,0.81,13,43.15,0.752077,44.064,44.7677,46.5402
100,0.81,14,42.96,0.682559,43.4885,44.3204,46.1468
100,0.81,15,42.59,0.699234,43.1923,43.9017,45.8265
100,0.81,16,42.75,0.717,43.0733,43.8351,46.5528
100,0.81,17,43.38,0.663623,44.2704,44.0259,46.7297
100,0.81,18,43.14,0.64508,43.5051,44.6875,46.4128
100,0.81,19,43.19,0.676821,43.2105,44.3527,46.5505
100,0.82,0,44.3,0.650554,45.0581,45.4163,47.6761
100,0.82,1,43.12,0.700097,44.2286,43.8439,46.4249
100,0.82,2,43.33,0.662029,43.0034,44.6604,46.6928
100,0.82,3,42.8,0.675249,43.4598,44.0732,46.3599
100,0.82,4,43.43,0.646365,43.6537,43.8968,46.7952
100,0.82,5,43.29,0.625863,43.4701,44.9742,46.4919
100,0.82,6,43.16,0.686167,43.1119,44.1009,46.5441
100,0.82,7,43.02,0.680336,43.8901,44.4983,46.2746
100,0.82,8,43.23,0.64858,43.4806,44.9244,46.7272
100,0.82,9,42.2,0.691094,42.7249,42.8573,45.7946
100,0.82,10,42.56,0.719532,42.7502,43.0335,45.8741
100,0.82,11,43.09,0.670263,44.3933,43.6951,46.5825
100,0.82,12,43.17,0.659864,43.2181,45.1685,46.6376
100,0.82,13,43.05,0.665317,43.6586,44.3191,46.2535
100,0.82,14,43.22,0.690194,42.8961,44.9341,46.3495
100,0.82,15,43.25,0.667614,43.8372,44.4649,46.5176
100,0.82,16,42.99,0.668909,43.2836,44.989,46.3079
100,0.82,17,42.93,0.726451,43.3876,44.2375,46.5649
100,0.82,18,43.01,0.653791,43.5394,44.3221,46.5447
100,0.82,19,43.18,0.656361,42.4997,44.0598,46.3752
100,0.83,0,43.29,0.645672,43.6729,43.8653,46.4173
100,0.83,1,43.67,0.752459,44.2688,44.9687,47.0062
100,0.83,2,43.04,0.668507,43.3329,44.0002,46.2437
100,0.83,3,43.85,0.697125,44.9103,45.0887,47.1452
100,0.83,4,43.74,0.681689,44.1415,45.3562,47.1588
100,0.83,5,43.86,0.721545,43.8635,45.0036,47.2306
100,0.83,6,42.96,0.680392,43.2769,44.2986,46.3333
100,0.83,7,43.44,0.645893,43.8698,44.4017,46.3517
100,0.83,8,43.62,0.668981,44.6347,45.0618,46.8549
100,0.83,9,42.53,0.645735,43.2224,43.737,45.9756
100,0.83,10,43.67,0.640659,44.976,44.0171,46.7855
100,0.83,11,43,0.603127,44.1058,44.6582,46.2418
100,0.83,12,43.15,0.682797,43.4905,44.9637,46.4486
100,0.83,13,43.98,0.670622,45.0003,44.9631,47.1943
100,0.83,14,42.77,0.656591,43.6033,44.4922,46.3009
100,0.83,15,42.81,0.670042,43.4604,44.0546,46.1485
100,0.83,16,43,0.642689,43.7565,44.0157,46.4304
100,0.83,17,43.11,0.667876,43.4124,43.8267,46.3103
100,0.83,18,43.24,0.70872,43.386,44.0251,46.6855
100,0.83,19,43.15,0.68253,43.143,44.7235,46.5697
100,0.84,0,44,0.650689,44.2968,45.6104,47.172
100,0.84,1,43.5,0.697278,43.9615,45.5392,46.6362
100,0.84,2,43.35,0.661865,43.1428,44.6936,46.3426
100,0.84,3,43.23,0.672163,43.8628,44.7468,46.4773
100,0.84,4,43.11,0.64358,44.5798,44.4728,46.1854
100,0.84,5,43.12,0.626503,43.9033,44.4962,46.3632
100,0.84,6,43.47,0.675323,43.8963,45.0589,46.5506
100,0.84,7,42.94,0.686255,44.2174,44.8407,46.2645
100,0.84,8,43.1,0.679247,43.1284,44.1269,46.4196
100,0.84,9,43.48,0.698706,44.5554,45.5323,46.8945
100,0.84,10,43.37,0.683519,43.8189,45.2733,46.7305
100,0.84,11,43.09,0.67559,43.7173,44.9583,46.4228
100,0.84,12,43.61,0.661519,43.4886,45.2507,46.7769
100,0.84,13,43.2,0.68371,44.3371,44.4405,46.7415
100,0.84,14,43.26,0.71344,43.445,44.2425,46.7216
100,0.84,15,43.29,0.672837,43.8969,44.8995,46.6959
100,0.84,16,43.72,0.620835,43.8246,44.9254,46.8309
100,0.84,17,43.95,0.667385,44.5932,45.2752,47.104
100,0.84,18,43.27,0.693113,44.3188,44.7036,46.4612
100,0.84,19,43.49,0.698488,44.4581,45.1753,46.9103
100,0.85,0,43.71,0.674059,43.9318,45.2508,46.8264
100,0.85,1,43.71,0.717152,44.2945,45.0047,47.0441
100,0.85,2,43.04,0.68846,42.7123,44.1812,46.366
100,0.85,3,43.4,0.679964,43.9513,43.8084,46.6037
100,0.85,4,43.29,0.668218,43.1493,44.4101,46.575
100,0.85,5,43.33,0.654061,43.6657,44.6425,46.7356
100,0.85,6,43.17,0.67388,43.7194,44.4838,46.4199
100,0.85,7,43.59,0.679442,44.2952,45.6379,46.7355
100,0.85,8,43.34,0.665592,43.4989,45.0679,46.5779
100,0.85,9,44.71,0.662729,45.7656,45.348,47.6773
100,0.85,10,43.46,0.663959,43.5674,44.6925,46.6078
100,0.85,11,42.75,0.715301,43.2075,44.0919,46.1558
100,0.85,12,43.56,0.634782,44.3256,44.0696,46.6148
100,0.85,13,43.51,0.690328,44.1977,45.0061,46.7647
100,0.85,14,43.03,0.736733,43.193,44.6621,46.2498
100,0.85,15,43.13,0.742427,44.3829,44.038,46.5323
100,0.85,16,43.27,0.693343,43.6462,44.5264,46.5196
100,0.85,17,43.71,0.694948,44.3398,45.025,46.8309
100,0.85,18,43.52,0.67682,43.5223,45.2232,46.7943
100,0.85,19,43.55,0.681105,44.0065,43.864,46.7503
100,0.86,0,43.11,0.715172,43.2083,44.5045,46.4785
100,0.86,1,43.92,0.733905,44.8804,44.1091,47.065
100,0.86,2,43.57,0.671341,43.812,44.4061,46.6664
100,0.86,3,43.33,0.747642,43.1604,44.8071,46.2768
100,0.86,4,42.85,0.699374,43.6802,44.0825,46.0588
100,0.86,5,43.06,0.704413,43.2459,44.3583,46.247
100,0.86,6,43.22,0.673549,43.0966,43.8439,46.2957
100,0.86,7,43.88,0.675102,44.7529,44.5106,47.2199
100,0.86,8,43.78,0.634132,44.3163,44.3746,46.706
100,0.86,9,43.61,0.717328,44.2928,44.8515,46.4782
100,0.86,10,43.59,0.658155,44.727,45.3075,46.852
100,0.86,11,43.81,0.690753,44.5502,45.0489,47.1994
100,0.86,12,43.77,0.674594,44.2944,45.7881,46.9705
100,0.86,13,43.99,0.690063,43.6715,44.7397,47.226
100,0.86,14,43.54,0.685401,43.7782,44.3946,46.6619
100,0.86,15,43.75,0.687388,43.84,44.529,46.8689
100,0.86,16,43.75,0.677579,44.4736,44.9282,46.7531
100,0.86,17,42.84,0.64383,43.3571,43.9354,45.8
100,0.86,18,44.06,0.640786,44.5987,45.5226,47.0442
100,0.86,19,43.32,0.667428,43.7064,44.3551,46.6164
100,0.87,0,43.47,0.65203,43.6869,44.1936,46.5764
100,0.87,1,43.73,0.712804,44.7572,44.7121,46.8511
100,0.87,2,44.1,0.685398,44.9294,45.8114,47.2612
100,0.87,3,43.32,0.69528,43.8749,43.5985,46.385
100,0.87,4,44.04,0.673602,44.9086,44.8745,47.0449
100,0.87,5,44,0.669734,44.3264,45.1183,46.9291
100,0.87,6,43.74,0.611186,44.3544,45.1943,46.6455
100,0.87,7,43.51,0.693715,42.9135,44.2183,46.6994
100,0.87,8,44.08,0.657799,45.0285,44.4642,47.2541
100,0.87,9,43.72,0.64999,44.0456,44.4471,46.7799
100,0.87,10,43.93,0.688459,45.3844,44.991,46.9816
100,0.87,11,44.01,0.675421,44.2269,45.6017,47.2989
100,0.87,12,43.41,0.650491,44.4308,44.6165,46.2594
100,0.87,13,43.78,0.674812,43.6256,44.8311,46.8092
100,0.87,14,43.77,0.693622,43.9904,44.9106,46.9325
100,0.87,15,43.54,0.697925,43.2119,45.6806,46.6546
100,0.87,16,44.21,0.695938,44.5341,45.5964,47.4234
100,0.87,17,43.81,0.656993,44.7737,44.6492,46.8313
100,0.87,18,43.59,0.669674,44.5185,45.6201,46.7978
100,0.87,19,43.42,0.650412,43.0764,44.324,46.6076
100,0.88,0,43.8,0.641974,44.1524,45.2562,46.9086
100,0.88,1,43.88,0.645538,44.3348,44.6059,46.8935
100,0.88,2,43.72,0.691246,44.4332,45.0023,46.7932
100,0.88,3,44.19,0.651035,44.5407,44.5759,47.2198
100,0.88,4,43.65,0.706779,44.8909,44.6957,46.6274
100,0.88,5,43.72,0.621045,44.7932,45.1635,46.5911
100,0.88,6,43.89,0.665113,43.3821,45.6388,46.9073
100,0.88,7,43.87,0.696608,44.7553,44.8447,47.0057
100,0.88,8,44.42,0.655057,44.8432,46.2879,47.5503
100,0.88,9,43.85,0.656602,44.9167,45.2482,46.9543
100,0.88,10,43.76,0.640027,44.0827,44.7775,46.6423
100,0.88,11,43.95,0.745969,44.8361,45.4644,47.1543
100,0.88,12,43.93,0.753074,44.8108,45.3817,47.2812
100,0.88,13,43.86,0.683016,45.0559,44.7766,46.9944
100,0.88,14,44.04,0.707209,43.8977,44.0671,47.04
100,0.88,15,43.85,0.658807,44.7908,43.9434,46.8381
100,0.88,16,43.77,0.66934,44.1013,45.2581,46.8445
100,0.88,17,43.61,0.653054,43.1801,44.3759,46.6182
100,0.88,18,43.93,0.613606,44.0286,44.7888,46.9592
100,0.88,19,44.25,0.710472,44.8123,45.7043,47.1656
100,0.89,0,44.29,0.690359,44.689,45.922,47.318
100,0.89,1,43.8,0.675728,43.8024,44.4439,46.8828
100,0.89,2,43.99,0.655326,43.5768,44.0884,47.0427
100,0.89,3,44.37,0.676343,45.4483,45.5797,47.2129
100,0.89,4,43.91,0.775489,43.9621,46.0365,47.066
100,0.89,5,44.01,0.716551,44.6314,44.5417,47.0136
100,0.89,6,43.63,0.718077,43.9913,44.7783,46.8838
100,0.89,7,44.18,0.692676,44.8958,45.0522,47.1461
100,0.89,8,44.16,0.698901,44.5754,45.7372,47.2158
100,0.89,9,44.32,0.6817,45.1213,44.9594,47.2948
100,0.89,10,43.87,0.634423,44.4243,44.8986,46.7307
100,0.89,11,44.01,0.671589,44.9391,45.4207,46.7466
100,0.89,12,43.74,0.749247,45.0215,44.6557,46.7368
100,0.89,13,44.03,0.693819,44.1078,44.7367,47.1217
100,0.89,14,44.2,0.656235,44.2781,45.5155,47.2545
100,0.89,15,43.97,0.662346,44.7158,44.8779,46.9704
100,0.89,16,44.31,0.65241,45.4432,45.2379,47.5279
100,0.89,17,43.73,0.711675,43.6775,44.7144,46.7291
100,0.89,18,44.12,0.648776,44.9363,44.8823,47.166
100,0.89,19,43.86,0.721148,44.9619,45.3187,46.8621
100,0.9,0,44.18,0.710199,45.8714,45.2842,47.1996
100,0.9,1,44.27,0.6599,43.883,45.3982,47.1739
100,0.9,2,44.17,0.706251,43.5375,45.0469,46.9524
100,0.9,3,43.65,0.698144,44.4162,44.4616,46.5638
100,0.9,4,44.38,0.664871,44.7477,44.9994,47.2434
100,0.9,5,44.19,0.715174,44.3485,46.1779,47.2846
100,0.9,6,44.42,0.682468,45.2002,44.7764,47.14
100,0.9,7,43.96,0.688824,43.7222,44.8122,46.8869
100,0.9,8,44.47,0.71337,45.4888,45.0168,47.5281
100,0.9,9,44.67,0.703173,45.4929,46.4366,47.519
100,0.9,10,44.46,0.671456,44.7267,46.5991,47.4918
100,0.9,11,44.1,0.660578,44.4276,45.1475,47.0687
100,0.9,12,43.99,0.702878,44.3143,45.2184,47.0531
100,0.9,13,44.38,0.64428,44.2524,44.5901,47.294
100,0.9,14,43.89,0.714611,45.354,45.044,46.893
100,0.9,15,44.58,0.687363,45.7897,45.8078,47.5178
100,0.9,16,44,0.696359,45.1533,45.3649,47.0625
100,0.9,17,44.49,0.606346,45.3967,45.4412,47.2193
100,0.9,18,44.03,0.74222,45.1689,45.753,47.1958
100,0.9,19,43.65,0.668497,44.0739,44.4202,46.67
100,0.91,0,44.33,0.648614,45.4234,45.8219,47.4154
100,0.91,1,44.43,0.638307,45.0191,44.6293,47.2724
100,0.91,2,44.48,0.647853,44.4351,45.4411,47.4925
100,0.91,3,44.29,0.714824,44.6928,45.9234,47.1545
100,0.91,4,44.16,0.703616,45.3648,45.4803,47.1634
100,0.91,5,44.21,0.704981,43.8321,45.0517,47.1445
100,0.91,6,44.33,0.689024,43.9934,44.6976,47.2513
100,0.91,7,44.39,0.712017,44.8736,46.1097,47.2273
100,0.91,8,44.01,0.748079,44.9788,45.2352,47.1862
100,0.91,9,44.45,0.636186,44.8249,46.2821,47.3797
100,0.91,10,44.3,0.700678,44.8459,45.5265,47.2803
100,0.91,11,44.14,0.661103,43.747,44.8909,47.2206
100,0.91,12,44.49,0.637773,44.6177,45.8204,47.4567
100,0.91,13,44.29,0.688548,44.5275,45.1327,47.0778
100,0.91,14,43.64,0.694622,45.2277,44.976,46.6922
100,0.91,15,44.52,0.602415,45.2583,45.4907,47.4098
100,0.91,16,44.31,0.650834,44.5968,45.3338,47.4377
100,0.91,17,44.06,0.662911,43.6191,45.0033,47.1756
100,0.91,18,44.29,0.714326,43.8746,45.4915,47.0342
100,0.91,19,44.57,0.694391,45.708,46.0331,47.6012
100,0.92,0,44.4,0.734053,45.0796,45.2521,47.3283
100,0.92,1,44.73,0.745641,46.1549,45.4932,47.5877
100,0.92,2,44.88,0.681973,45.7918,46.057,47.7339
100,0.92,3,44.62,0.703251,45.0891,44.6576,47.5539
100,0.92,4,44.14,0.753896,44.2782,45.3342,47.2182
100,0.92,5,44.68,0.686348,45.7225,45.0963,47.4743
100,0.92,6,44.57,0.739308,44.8296,45.3916,47.5423
100,0.92,7,44.49,0.677854,45.3155,46.3943,47.419
100,0.92,8,44.36,0.615497,45.3656,45.5626,47.1562
100,0.92,9,44.08,0.708143,45.4619,45.6166,47.1906
100,0.92,10,44.78,0.710519,45.2526,46.2205,47.6399
100,0.92,11,44.87,0.714993,45.6166,45.8339,47.7679
100,0.92,12,44.15,0.637543,44.9926,45.0091,46.9077
100,0.92,13,44.83,0.709754,45.2659,45.9106,47.6687
100,0.92,14,44.48,0.717564,44.6825,46.1793,47.1888
100,0.92,15,44.82,0.668413,46.4321,45.9301,47.5999
100,0.92,16,44.15,0.749563,44.0976,45.1135,47.1079
100,0.92,17,44.65,0.717699,44.6414,46.1561,47.6976
100,0.92,18,44.64,0.713332,45.4001,46.034,47.3357
100,0.92,19,44.73,0.676272,45.7586,45.9898,47.4912
100,0.93,0,44.66,0.690775,44.685,46.0086,47.5025
100,0.93,1,44.92,0.726891,45.9037,46.889,47.9241
100,0.93,2,44.49,0.686427,45.2845,45.6784,47.3237
100,0.93,3,44.61,0.657937,44.5914,45.4434,47.4456
100,0.93,4,44.35,0.672409,44.8681,45.2798,47.3415
100,0.93,5,44.58,0.686663,45.3864,45.2685,47.4737
100,0.93,6,44.96,0.697101,45.6911,46.1385,47.8341
100,0.93,7,44.77,0.652316,45.9382,46.6864,47.439
100,0.93,8,44.5,0.699927,45.5384,44.5568,47.4152
100,0.93,9,44.56,0.699973,45.2649,45.4535,47.5153
100,0.93,10,44.58,0.661696,44.8854,46.0294,47.4145
100,0.93,11,44.85,0.68003,46.0606,45.9037,47.5006
100,0.93,12,44.89,0.734567,45.1907,46.622,47.6729
100,0.93,13,44.31,0.666531,44.6966,45.4857,47.175
100,0.93,14,44.78,0.701551,44.642,45.7444,47.4825
100,0.93,15,44.39,0.660066,44.7499,45.322,47.4794
100,0.93,16,44.59,0.660217,45.6399,44.8854,47.3967
100,0.93,17,44.36,0.678586,44.5042,45.3758,47.3863
100,0.93,18,44.76,0.656651,45.2196,44.8921,47.4403
100,0.93,19,44.88,0.687166,45.0753,45.1589,47.7542
100,0.94,0,45.13,0.664539,45.4921,46.4566,47.6293
100,0.94,1,44.7,0.664655,45.7125,45.8362,47.6857
100,0.94,2,44.92,0.719387,45.0916,45.817,47.5892
100,0.94,3,44.89,0.735092,44.5284,45.8721,47.8703
100,0.94,4,44.41,0.706203,44.6081,44.9863,47.4196
100,0.94,5,44.64,0.677932,44.7772,45.6828,47.511
100,0.94,6,44.76,0.669277,46.2237,45.3932,47.5404
100,0.94,7,44.38,0.69123,45.3248,45.0792,47.4656
100,0.94,8,44.51,0.724762,45.7892,45.1788,47.4749
100,0.94,9,44.81,0.712757,46.1392,45.8489,47.6695
100,0.94,10,44.5,0.705958,45.4016,45.9789,47.3478
100,0.94,11,45.01,0.71142,45.365,46.2266,47.8441
100,0.94,12,44.86,0.709907,45.0496,45.257,47.7865
100,0.94,13,44.86,0.705089,45.1661,45.7397,47.7733
100,0.94,14,44.93,0.668295,45.7921,45.7721,47.688
100,0.94,15,44.97,0.723665,45.4308,46.3313,47.7882
100,0.94,16,44.85,0.712113,45.276,46.36,47.6386
100,0.94,17,44.49,0.653812,45.3182,45.7902,47.4969
100,0.94,18,45.05,0.635124,45.8524,45.548,47.7842
100,0.94,19,44.82,0.6694,44.5392,45.8506,47.7256
100,0.95,0,45.02,0.689396,46.0097,47.0553,47.776
100,0.95,1,44.62,0.68882,45.5024,45.0324,47.4851
100,0.95,2,44.66,0.659437,45.6922,46.6036,47.7046
100,0.95,3,44.58,0.64851,44.3999,45.5913,47.4299
100,0.95,4,44.68,0.647732,44.9675,45.6478,47.3864
100,0.95,5,44.78,0.728692,46.3704,46.1814,47.6717
100,0.95,6,44.78,0.703393,45.8634,45.5596,47.4784
100,0.95,7,44.53,0.758946,45.1592,45.2392,47.4076
100,0.95,8,44.82,0.662508,45.5459,45.1044,47.6388
100,0.95,9,44.64,0.726317,45.6518,45.4717,47.595
100,0.95,10,45.06,0.713111,45.2647,46.2562,47.8463
100,0.95,11,45,0.789458,45.3421,46.3855,47.8928
100,0.95,12,44.75,0.683914,44.6588,45.8983,47.657
100,0.95,13,44.95,0.700026,45.0888,45.7535,47.818
100,0.95,14,44.8,0.718393,44.9269,46.1873,47.5504
100,0.95,15,44.94,0.693205,44.4848,46.1339,47.8653
100,0.95,16,44.61,0.710116,45.8103,46.641,47.5644
100,0.95,17,44.8,0.69897,45.4505,45.3908,47.6847
100,0.95,18,44.59,0.696015,45.3368,45.2742,47.4864
100,0.95,19,44.85,0.723227,45.3636,45.5211,47.6018
100,0.96,0,44.89,0.687313,45.2133,46.1181,47.5959
100,0.96,1,44.88,0.688821,45.0187,45.7999,47.7758
100,0.96,2,45.17,0.716989,45.3479,46.7625,47.8739
100,0.96,3,45.07,0.6786,45.3366,46.1349,47.7633
100,0.96,4,44.71,0.731025,44.3823,46.0099,47.6987
100,0.96,5,45.56,0.648296,45.1964,45.7708,48.1938
100,0.96,6,44.83,0.733867,45.9294,45.4613,47.5865
100,0.96,7,44.76,0.755299,45.2855,45.8401,47.7833
100,0.96,8,45.3,0.673896,46.1424,46.705,47.9777
100,0.96,9,45,0.662486,45.5234,45.6369,47.8653
100,0.96,10,45.11,0.703681,45.7306,46.4578,47.9237
100,0.96,11,44.9,0.661019,46.1478,46.0519,47.7374
100,0.96,12,44.99,0.717006,46.0481,45.9731,47.7522
100,0.96,13,45.27,0.723223,44.6383,46.3769,48.1016
100,0.96,14,45.22,0.646093,45.3099,46.1643,47.7938
100,0.96,15,45.2,0.703753,45.5211,46.5255,47.9399
100,0.96,16,44.95,0.763706,45.6349,46.5472,48.0019
100,0.96,17,45.03,0.694183,45.8458,46.2488,47.9098
100,0.96,18,45.29,0.736231,45.2901,45.9808,48.1891
100,0.96,19,45.05,0.694759,46.2973,46.1382,47.8322
100,0.97,0,45.14,0.724082,46.0435,45.789,48.0808
100,0.97,1,45.37,0.708108,45.9356,46.0486,48.142
100,0.97,2,45.07,0.706268,44.3065,46.5351,47.8425
100,0.97,3,45.59,0.718657,46.4865,47.1618,48.243
100,0.97,4,44.74,0.723704,44.9433,44.9411,47.7305
100,0.97,5,45.42,0.666033,45.5624,46.7958,48.1978
100,0.97,6,45.13,0.808071,45.2023,46.6621,48.0802
100,0.97,7,45.43,0.64327,45.1931,46.0155,48.0433
100,0.97,8,45.16,0.688229,46.2552,45.712,47.8958
100,0.97,9,45.4,0.649736,44.7541,46.4549,48.1815
100,0.97,10,45.72,0.714092,45.9538,45.4825,48.2962
100,0.97,11,45.51,0.7091,46.4232,47.021,48.19
100,0.97,12,45.22,0.679066,46.3254,45.9284,47.9828
100,0.97,13,45.08,0.747433,45.2626,46.7009,48.1204
100,0.97,14,45.49,0.717693,45.7594,46.8712,48.2656
100,0.97,15,45.1,0.696659,45.097,45.4833,47.7877
100,0.97,16,45.27,0.76584,44.9313,44.6143,48.1431
100,0.97,17,45.01,0.715949,45.6305,46.2577,47.7904
100,0.97,18,45.3,0.675077,46.0786,46.7217,47.9384
100,0.97,19,45.04,0.706981,45.7746,46.5217,47.9026
100,0.98,0,45.39,0.710748,46.0071,47.2072,48.1351
100,0.98,1,45.03,0.704043,45.8516,45.7315,47.9294
100,0.98,2,45.6,0.638929,45.8315,46.4958,48.1885
100,0.98,3,45.81,0.656502,46.0407,45.8092,48.3648
100,0.98,4,45.11,0.711436,44.9247,45.6588,47.9691
100,0.98,5,45.21,0.682514,45.6724,47.1691,48.1703
100,0.98,6,45.11,0.74329,46.1158,47.0804,48.0536
100,0.98,7,45.25,0.676901,45.2881,46.2285,48.0128
100,0.98,8,45.28,0.69644,44.6616,46.2283,48.0354
100,0.98,9,45.1,0.68028,45.5516,47.0811,47.933
100,0.98,10,45.3,0.729043,46.2995,47.0507,48.2123
100,0.98,11,45.44,0.700227,46.4421,45.6232,48.0937
100,0.98,12,45.38,0.720759,45.8859,46.7367,48.0685
100,0.98,13,45.59,0.649041,45.3596,47.0031,48.2009
100,0.98,14,44.88,0.695535,46.3962,46.3882,47.7577
100,0.98,15,45.49,0.718904,46.0539,46.5022,48.4073
100,0.98,16,45.19,0.738003,46.1044,46.3331,47.9777
100,0.98,17,45.51,0.715149,46.3199,46.3645,48.205
100,0.98,18,45.1,0.743848,45.2548,46.2874,48.1296
100,0.98,19,45.34,0.676515,45.3756,46.1094,48.1735
100,0.99,0,45.65,0.649368,46.0454,46.7928,48.3453
100,0.99,1,45.23,0.703051,45.5929,46.8098,48.1276
100,0.99,2,45.56,0.688092,45.6164,46.7407,48.1357
100,0.99,3,45.28,0.711734,45.8144,46.6261,48.2696
100,0.99,4,45.13,0.729237,46.6513,46.8206,48.2528
100,0.99,5,45.43,0.724929,46.7034,45.603,48.4728
100,0.99,6,45.37,0.705277,46.1102,46.0182,48.1829
100,0.99,7,45.39,0.678092,46.018,46.0908,48.2459
100,0.99,8,45.2,0.705212,45.6149,45.3735,48.0707
100,0.99,9,45.36,0.721803,46.2134,46.506,48.2779
100,0.99,10,45.57,0.652955,45.95,46.8678,48.3107
100,0.99,11,45.57,0.694748,45.237,47.0896,48.4202
100,0.99,12,45.65,0.697936,45.0496,46.7046,48.3676
100,0.99,13,45.07,0.743914,45.398,46.9183,48.0604
100,0.99,14,45.16,0.741945,45.0822,46.2065,48.0583
100,0.99,15,45.42,0.673287,45.6496,47.0399,48.3407
100,0.99,16,45.75,0.739971,46.7858,47.3831,48.5811
100,0.99,17,45.32,0.727765,45.4232,46.775,48.1605
100,0.99,18,45.5,0.675404,45.8951,46.344,48.2357
100,0.99,19,45.42,0.7339,45.6612,46.5774,48.2904
